content,date,journal,summary,title,url
"검찰이 우리들병원의 특혜 대출 관련 의혹을 무혐의 처분한 결정을 지난달 뒤집고 재수사에 나섰다. 경찰은 디스커버리자산운용 장하원 대표에 대해 사기 등 혐의로 6일 구속영장을 신청했다. 문재인 정부 인사들이 연루된 두 사건은 3년 전에 불거졌는데, 검경은 정권교체가 되자 갑자기 수사 속도를 높이고 있다.노무현 전 대통령의 주치의였던 이상호 원장이 운영하는 우리들병원은 2012년과 2017년 대선을 앞두고 거액을 대출 받았다. 이 원장의 동업자는 2019년 기자회견을 열고 특혜 대출에 문재인 정부 청와대 행정관과 여권 실세 등이 관여했다고 주장했다. ‘금감원장 인사 후에 보자’는 관련자 메시지가 공개됐는데, 검찰은 작년 연말엔 무혐의 처분했다.2017년 4월부터 2년 동안 시중은행에서 판매된 디스커버리펀드는 피해 규모만 2562억 원에 이른다. 장 대표의 형인 장하성 주중 한국대사가 60억여 원, 김상조 전 대통령정책실장이 4억여 원을 투자해 펀드 성장 과정에 정권 차원의 비호나 특혜가 있었던 것 아니냐는 의혹이 제기됐다. 올 2월 장 대표를 두 번 조사한 경찰은 대선 다음 날 장 대표를 추가 조사하고도 두 달간 영장 신청을 미뤘다. 고의로 수사를 늦춘 것은 아닌지 의심된다.특혜 대출과 펀드 사기는 금융 분야의 특성상 수사가 제때 이뤄져야 피해 복구가 빨라진다. 그런데도 검경은 정권교체 전후 태도가 돌변했다. 모친의 사문서 위조 공모 의혹으로 고발된 김건희 씨에 대해 경찰은 최근 무혐의 처분했고, 주가 조작 의혹을 수사 중인 검찰은 김 씨를 조사하지 않고 있다. 이래서야 아무리 정치적 중립을 외친다 한들 누가 검경을 믿어주겠는가.",2022-05-11,동아일보,,[사설]정권 바뀌니 ‘우리들병원’ ‘디스커버리’ 의혹 칼 뽑은 검경,https://www.donga.com/news/Opinion/article/all/20220510/113333785/1
"노인회 달려간 李 인천 계양을 국회의원 보궐선거에 출마한 더불어민주당 소속 이재명 전 경기도지사가 9일 대한노인회 계양지회를 찾아 김대기 회장과 악수를 나누고 있다. 이 전 지사는 “제가 지역에 적응할 수 있도록 도와달라”고 말했다. 이 전 지사 측 제공

“안타깝게도 지난 대선은 일꾼보다는 심판자를 선택했다. 이제는 심판은 끝났으니 유능한 일꾼들을 선택해주시길 부탁드린다.”인천 계양을 국회의원 보궐선거에 출마한 이재명 전 경기도지사가 9일 본격적인 선거 활동에 나섰다. 이 전 지사는 이날 첫 일정으로 인천 계양노인복지관을 방문한 뒤 기자들과 만나 당 안팎에서 이어지는 ‘무연고 출마’ 비판과 관련해 거듭 ‘책임’을 강조했다. ‘선당후사’의 원칙에 따라 대선 패배에 대한 책임을 지기 위해 출마했다는 주장이다.그는 “정치인은 국민 앞에 무한 책임이 있기 때문에 당이 필요로 하는 일을 자기 이해관계를 떠나서 감당하는 것이 맞다”고 했다. 전날 지역구로 주소지 이전까지 마무리한 이 전 지사는 “결정 자체를 급박하게 하는 바람에 10일까지 이사를 끝내야 한다”고 답했다. 이 전 지사는 11일 열리는 더불어민주당 선대위 출정식 전까지 인천 계양에서 집중적으로 유세 활동을 이어갈 계획이다.민주당도 ‘수사 방탄용 출마’라는 국민의힘 공세에 맞서 ‘철통 방어’에 나섰다. 박홍근 원내대표는 이날 YTN 라디오에서 “(수사 방탄용이란 지적은) 이 고문의 재등장에 대한 부담을 갖는 국민의힘이 만들어내는 논리”라며 “이미 관련된 수사는 수사대로 다 진행이 되고 있다”고 일축했다. 민주당 김동연 경기도지사 후보도 “어차피 대통령이 새로 취임하게 되면 수사권, 검찰권 모두 다 윤석열 정부의 검찰이고 수사 담당하는 사람들”이라며 “아무리 국회의원이라고 하더라도 (수사에 따라) 명명백백하게 결과가 나올 것”이라고 선을 그었다.이에 맞선 국민의힘의 맹폭도 계속됐다. 권성동 원내대표는 이날 중앙선대위 회의에서 “카드 돌려 막기는 들어봤어도 지역구 돌려 막기는 처음”이라며 “이 전 지사가 무한 책임을 외치지만 무한 배임의 길로 가고 있다”고 비난했다. 6·1지방선거 공동선대위원장을 맡은 김기현 의원은 “실패한 문재인 정권 5년에 대한 반성과 대선 패배에 대한 일말의 성찰조차 없이 이번 (지방)선거를 원활한 새 정부 출범을 훼방 놓기 위한 수단, ‘이재명 방탄조끼용’으로만 악용하고 있다”고 꼬집었다.이날 경기 성남 분당갑 보궐선거 출마를 공식 선언한 민주당 김병관 전 의원은 전날 같은 지역에 출사표를 던진 안철수 전 대통령직인수위원장을 향해 “떴다방 정치투기꾼”이라며 맹폭에 나섰다. 김 전 의원은 이날 기자회견에서 “‘안철수’로 상징되는 가짜 ‘새 정치’와 싸워 이겨야 한다는 엄숙한 책무를 부여받았다”며 “이번 선거가 안 후보(안 전 위원장)의 마지막 선거가 되도록 하겠다”고 밝혔다.허동준 기자 hungry@donga.com",2022-05-10,동아일보,,"이재명, 무연고 출마 비판에 “유능한 일꾼”",https://www.donga.com/news/Politics/article/all/20220510/113308009/1
"미국발(發) 통화 긴축으로 뉴욕증시가 1년여 만에 가장 낮은 수준으로 폭락한 데 이어 어제 한국 코스피지수도 2,600 선이 무너지며 17개월 만에 최저치를 나타냈다. 이달 4일 미 연방준비제도가 기준금리를 0.5%포인트 올린 뒤 한미 증시는 등락을 반복하다가 최근 하락 폭이 커지는 양상이다.최근 들어 증시의 변동성이 커진 것은 미국이 급격하게 돈줄을 죄는 ‘빅스텝’에 나선 뒤 시간차를 두고 긴축의 후폭풍이 거세지고 있기 때문이다. 전 세계에 닥친 복합위기가 쉽게 해소되기 힘들 것이라는 우려가 현실화하면서 실물경제의 바로미터인 증시가 얼어붙고 있는 것이다.한국은 재정으로 성장을 떠받치자니 물가가 오르고, 물가를 잡으려고 금리를 대폭 올리자니 불황이 우려되는 딜레마에 빠져 있다. 그런데도 추경호 경제부총리는 물가를 자극할 수 있는 대규모 추가경정예산안을 새 정부 첫 국무회의에 올릴 예정이다. 이창용 한국은행 총재는 지난달 원화 절하 폭이 심하지 않다고 발언한 뒤 환율이 급등하면서 자본 유출 우려가 커지고 있다. 경제정책의 컨트롤타워와 통화 당국의 수장이 복합위기에 걸맞은 종합적 대응을 하고 있는지 의문이다.새 경제팀은 위기를 직시하며 경제의 펀더멘털 점검에 나서야 한다. 당국자들은 기초체력이 튼튼하다지만 경제의 기둥 격인 무역수지는 올 들어 66억 달러 적자이고 소비자물가 상승률은 13년 반 만에 최고로 치솟았다. 경제의 파이를 키워 고용을 늘리는 선순환 고리도 깨진 지 오래다. 이런 현실과 달리 지금의 경제정책 방향은 글로벌 경기가 양호할 것이라는 낙관론을 전제로 만든 것이다. 고장 난 성장엔진을 교체하는 개혁과제를 중심으로 경제운용계획을 다시 짜야 할 때다.",2022-05-11,동아일보,,[사설]거세지는 ‘빅스텝’ 후폭풍… 경제운용계획 원점서 다시 짜라,https://www.donga.com/news/Opinion/article/all/20220510/113333792/1
"크게보기 이준석 국민의힘 대표가 9일 국회에서 열린 제8회 전국동시지방선거 중앙선거대책위원회 제1차 회의에서 발언을 하고 있다. 사진공동취재단

국민의힘이 인천 계양을 국회의원 보궐선거에 뛰어든 더불어민주당 이재명 전 경기도지사의 대항마를 찾는 데 고심하고 있다. 이 전 지사가 인천에 연고가 없는 점을 감안해 지역 기반을 갖춘 후보를 물색하면서 최원식 전 의원(사진)이 유력하게 거론되고 있다. 당초 출마가 예상됐던 윤희숙 전 의원은 9일 불출마를 선언했다.국민의힘 이준석 대표는 이날 국회에서 기자들과 만나 “계양을에는 최대한 지역 밀착형 인사가 나올 것”이라며 “지역을 대표할 수 있는, 진정성을 가진 납득할 수 있는 공천을 하기 위해 노력하겠다”고 했다. 당내에서는 ‘인천 토박이’로 19대 총선에서 민주통합당(현 더불어민주당) 소속으로 당선됐던 최 전 의원의 공천 가능성이 거론된다.변호사 출신인 최 전 의원은 인천 부평남초, 부평중, 부평고를 졸업하고 지역에서 시민운동을 했고 빈민운동가로 유명한 고 제정구 전 의원의 손윗동서다. 2016년 민주당 분당 과정에서 탈당해 국민의당에 입당했고, 당시 국민의당 창당에 앞장섰던 김한길 국민통합위원장과 가깝다. 최 전 의원 측은 “출마를 고심하고 있다”고 했다.이 전 지사의 맞상대로 윤 전 의원의 공천도 거론됐지만 윤 전 의원은 이날 출마하지 않겠다는 뜻을 밝혔다. 그는 페이스북을 통해 “오늘 이 대표는 계양을 선거에 지역밀착형 인사를 공천하겠다는 방침을 발표했다”며 “저는 당의 방침이 정해진 이상 누군가와 경쟁하거나 출마를 할 생각이 없다”고 했다. 윤 전 의원의 불출마로 최 전 의원이 이 전 지사의 맞상대가 될 가능성이 크다는 관측이 나오지만 이 지역을 다져온 윤형선 계양을 당협위원장도 후보군으로 거론된다. 정치권 일각에서는 이 대표의 출마 가능성을 거론하고 있지만 이 대표는 “그럴 거였으면 대선 중에 제가 생각을 비쳤을 것”이라며 “그럴 의지가 전혀 없고 (현재 당협위원장을 맡고 있는) 상계동에 대해 진심”이라고 했다.국민의힘은 경기 성남 분당갑에 안철수 전 대통령직인수위원장을 전략공천하기로 가닥을 잡았다. 안 전 위원장은 이날 성남시 분당구 백현동에 전입신고를 하면서 본격적인 선거전에 나섰다. 앞서 이 지역에 출마 선언을 했던 윤석열 대통령 특보 출신인 박민식 전 의원은 이날 불출마를 선언했다.윤다빈 기자 empty@donga.com",2022-05-10,동아일보,,"국힘 “인천계양을, 지역연고 후보 공천”…‘토박이’ 최원식 부상",https://www.donga.com/news/Politics/article/all/20220510/113308021/1
"윤석열 대통령이 10일 서울 여의도 국회 앞마당에서 열린 취임식에서 취임사를 하고 있다. 대통령실사진기자단

윤석열 제20대 대통령이 어제 취임식을 갖고 용산 집무실에서 5년 임기의 공식 업무를 시작했다. 군 통수권도 인수받았다. 무한 책임의 시험대에 오른 셈이다. 윤 대통령은 취임사에서 “자유민주주의와 시장경제 체제를 기반으로 국민이 진정한 주인인 나라로 재건하겠다”고 했다. 전체를 관통한 키워드는 ‘자유’였다. 우리 정치가 제 기능을 못 하고 있다면서 그 원인으로 ‘반(反)지성주의’를 지목한 뒤, 국내외 난제 해결을 위해 자유라는 보편적 가치를 공유해야 한다고 했다.윤 대통령은 아울러 ‘빠른 성장’을 강조했다. 그래야 많은 국민이 새로운 기회를 찾을 수 있고, 사회 이동성을 제고해 양극화와 갈등의 근원을 제거할 수 있다는 논리였다. 또 우리 국민과 재외동포를 넘어 ‘자유를 사랑하는 세계 시민 여러분’을 수차례 외치며 청자(聽者)로 삼았다. 역대 취임사 중 처음이다. 세계 시민의 자유와 인권, 이를 위한 국제사회와의 연대를 강조했다.역대 대통령들은 취임사에서 그 나름의 시대정신을 제시하고 국정의 주요 방향을 밝혔다. 취임사의 초심(初心)이 제대로 지켜지지 않고 변질돼 실패한 대통령으로 기록된 경우가 다반사였지만, 국민은 취임사를 통해 경제와 복지, 외교안보 등에 대한 새 정부의 큰 노선을 파악할 수 있었다. 윤 대통령의 취임사는 원론적인 수준에 머무른 듯한 느낌이다. 자유와 인권, 공정, 연대 등 중요한 가치를 내세웠지만 구체적인 액션 플랜은 보이지 않았기 때문이다.한국 정치가 갈수록 퇴보하는 것도, 사회가 극도로 양극화된 것도 따지고 보면 국민 다수가 동의하는 보편적 가치의 부재, 철학의 부재 탓일 수 있다. 그 점에서 자유 인권 등의 가치를 강조한 건 의미가 있다. 이를 어떻게 추구할 것인지가 관건이다. 윤 대통령이 ‘다수의 힘’ 등 우회적으로 거대 야당을 겨냥하면서도 통합이나 협치를 한마디도 언급하지 않은 것은 의아한 대목이다. 정치는 타협의 예술이다. 여소야대다. 싫든 좋든 손을 내밀고 협조를 요청해야 한다.윤 대통령이 ‘보편적 국제규범’에 대한 지지와 연대를 강조한 것은 미중 전략 경쟁과 러시아의 전쟁 도발로 뚜렷해진 신냉전 대결 구도에서 자유진영의 한 축으로 분명히 서겠다는 의지로 읽힌다. 다만 반(反)중국·러시아 연대 참여가 부를 역풍이나 급속한 쏠림이 낳을 부작용도 충분히 감안하고 있는지는 의문이다. 대북 정책에 대해선 “전쟁을 회피하는 취약한 평화가 아니라 지속가능한 평화를 추구하겠다”고 했다. ‘담대한 계획’의 로드맵이 나와야 한다.윤석열 정부에 대한 평가도 궁극적으론 경제 성적표로 판가름이 날 공산이 크다. 재정을 통한 일자리 창출이나 포퓰리즘은 지양하고 초격차 기술 등 국가 핵심 산업 육성 프로젝트도 시급하다. 취임사만 놓고 보면 윤곽이 분명치 않은 추상화로 보인다. 정교하고 섬세한 붓질이 필요하다. 국정은 실행이다.",2022-05-11,동아일보,,[사설]‘자유’ ‘성장’ 강조한 尹 취임사… 섬세한 실행전략이 관건,https://www.donga.com/news/Opinion/article/all/20220510/113333803/1
"더불어민주당이 최강욱 의원(사진)이 당내 비공개 온라인 회의에서 성희롱 발언을 했다는 이른바 ‘짤짤이 논란’과 관련해 중앙당 윤리심판원에 직권 조사를 요청해 징계 여부를 논의하기로 했다.민주당 신현영 대변인은 9일 비상대책위원회 회의 후 기자들과 만나 “최 의원의 온라인 회의 발언 건과 관련해 중앙당 윤리심판원에 직권 조사를 명하기로 했다”고 밝혔다. 그러면서 “특히 2차 가해가 있었는지, 관련 보좌관끼리의 말맞추기 시도가 있었는지, 은폐 시도가 있었는지도 포함해 조사를 진행하고 이 부분까지도 조사 및 징계 대상으로 검토하기로 했다”고 덧붙였다. 징계 수위와 관련해 신 대변인은 “윤리심판원의 독립적 판단을 기다려보겠다”면서 “추가 피해를 방지하기 위해 최대한 빠른 시일 내 신속한 조사, 판단을 요청하기로 했다”고 했다.이는 박지현 공동비대위원장이 최근 페이스북에서 “유출자가 문제라든지, 제보자를 찾아야 한다는 등의 2차 가해를 당했다”고 지적하는 등 당내에서도 비판이 이어지는 데에 따른 후속 조치로 풀이된다. 특히 6·1지방선거를 앞두고 성추행 논란이 더 이상 확산되지 않도록 조기에 차단하려는 시도로 보인다.앞서 최 의원은 지난달 28일 국회 법사위 소속 의원들과 보좌진들이 참여한 온라인 화상회의에서 성희롱성 발언을 했다는 의혹이 제기되자 뒤늦게 페이스북에 사과문을 올린 바 있다.권오혁 기자 hyuk@donga.com",2022-05-10,동아일보,,"민주당, 성희롱 발언 논란 최강욱 징계 논의",https://www.donga.com/news/Politics/article/all/20220510/113308034/1
"2주택자가 15년전 10억에 산 집, 20억에 팔면 양도세 3억 줄어



10일부터 다주택자에 대한 양도소득세 중과가 1년간 면제된다. 이사 등으로 인한 일시적 2주택자는 기존 주택을 2년 안에만 팔면 비과세 대상이 된다.9일 기획재정부는 이런 내용을 담은 소득세법 시행령 개정안을 10일부터 시행한다고 밝혔다. 10일부터 1년간 조정대상지역에서 주택을 2년 이상 보유하다가 매도하는 다주택자는 최고 49.5%(지방소득세 포함)의 세율만 적용된다. 기존엔 이 세율에 20∼30%포인트가 중과됐지만 면제되는 것이다. 이들은 주택을 3년 이상 보유하면 양도 차익의 최대 30%가 공제되는 장기보유특별공제도 받을 수 있다. 다주택자가 나머지 집을 팔고 1주택자(조정대상지역)가 되면 기존엔 ‘1주택자가 된 시점’부터 보유·거주기간이 2년 지나야 비과세 혜택이 생겼다. 이젠 이러한 1주택자도 해당 주택을 ‘실제 보유하거나 거주한 시점’부터 2년이 지나면 비과세된다. 조정대상지역 일시적 2주택자가 비과세 혜택을 받으려면 기존엔 주택을 1년 안에 처분해야 했다. 하지만 앞으로는 2년 안에만 처분하면 비과세 대상이 된다.윤석열 정부가 10일부터 다주택자에 대한 양도소득세를 완화하고 나선 것은 시장에 매물을 빨리 공급해 가격을 안정시키려는 취지로 풀이된다. 또 다음 달 1일 지방선거를 앞두고 다주택자에 대한 세 부담 완화를 통해 부동산 민심을 잡겠다는 포석으로 해석된다. 10일부터 달라지는 다주택자 양도세 부과 방식을 Q&A로 알아본다.“주택 수와 보유·거주 기간, 양도가액, 양도차익에 따라 다르다. 조정대상지역에서 양도가액이 20억 원, 양도차익이 10억 원, 보유 기간이 15년이라고 가정할 때 2주택자는 종전보다 3억2550만 원, 3주택자는 4억2525억 원의 세금을 줄일 수 있다.”“양도세 중과 면제 기간은 2022년 5월 10일부터 2023년 5월 9일까지다. 이 기간에 계약 여부가 중요한 게 아니라 실제 양도가 돼야 한다. 즉, 이 기간에 등기 이전이나 잔금 처리를 끝내면 된다.”“아니다. 양도세 중과 면제를 받으려면 조정대상지역의 주택 보유 기간이 2년 이상이어야 한다. 다주택자여도 보유 기간이 2년 미만이면 면제 대상이 될 수 없다.”“받을 수 있다. 세법에 따르면 원래 양도세 중과 대상은 양도차익의 최대 30% 공제를 받을 수 있는 장특공제 대상이 될 수 없다. 하지만 중과 면제 기간엔 이들이 중과 대상이 아니기 때문에 장특공제 혜택을 받게 된다. 그 대신 장특공제를 받으려면 주택 보유 기간이 3년 이상이어야 한다.”“부동산 계약서 혹은 잔금 이체 내역, 등기서류 등이 필요하다. 세 가지 서류 중 편한 쪽을 택하면 된다. 부동산 계약서의 경우 과세 당국에서 인정하고 있지만, 계약서 내용이 불투명하면 당국이 기간 내 잔금 이체 내역을 요구할 수도 있다.”“일단 1년간 한시적으로 운영하기로 했다. 다만, 기획재정부는 양도세 중과를 중장기적으로 면제해야 한다는 지적에 공감하고 있다. 향후 시장 상황과 양도세 중과 면제에 대한 효과 등을 분석해 영구 면제 방안도 추진될 수 있다.”“조정대상지역 소재 해당 주택 1채의 보유·거주 기간이 2년 이상이어야 한다. 기존엔 다주택자가 다른 주택을 처분해 1주택자가 된 시점부터 2년이 돼야 했다. 하지만 이번 시행령 개정으로 남은 해당 주택의 보유·거주 시점부터 2년이 되면 비과세 혜택을 받는다.”“기존 주택과 신규 주택 모두 조정대상지역인 경우 기존 주택을 신규 주택 취득일로부터 2년 안에 팔아야 한다. 시행령 개정 전에는 신규 주택 취득일로부터 1년 안에 팔아야 했다. 또 이번 개정으로 신규 주택에 가구원 전원이 전입해야 하는 요건도 삭제됐다.”“아니다. 조정대상지역 외의 지역에서 일시적 2주택자는 종전 주택을 기존처럼 3년 안에 처분해야 한다. 기존 기한이 변하지 않는다.”세종=김형민 기자 kalssam35@donga.com",2022-05-10,동아일보,,"이사 등 일시적 2주택자, 2년안에 집 팔면 비과세",https://www.donga.com/news/Economy/article/all/20220509/113307358/1
"6·1지방선거가 20여 일 앞으로 다가온 가운데 기획재정부 출신 인사들이 줄줄이 공천을 받아 약진하고 있다. 윤석열 정부의 ‘경제팀’에 기재부 출신 인사들이 기용된 데 이어 정계에도 진출하면서 기재부에선 ‘오히려 기재부에 대한 반감이 생기는 것 아니냐’는 우려도 나온다.최근 더불어민주당은 ‘텃밭’으로 꼽히는 호남지역 지방자치단체장에 기재부 출신 인사들을 공천했다. 전남 나주시장 민주당 후보로 윤병태 전 기재부 행정안전예산심의관이 나섰다. 윤 예비후보는 행정고시 36회로 기재부 예산기준과장과 교육과학예산과장 등을 지냈다. 2018년부터는 전남도 정무부지사를 지낸 뒤 이번 지방선거에 출사표를 던졌다.전북 전주시장 민주당 후보로는 우범기 전 기재부 장기전략국장이 결정됐다. 우 예비후보는 행시 35회로 노동환경예산과장과 재정관리총괄과장 등을 거쳤다. 2014년에는 광주시 경제부시장으로, 2019년에는 전북도 정무부지사로 일했다. 두 예비후보는 모두 기재부를 거쳐 호남지역 정무부지사를 지냈다는 공통점이 있다.민주당은 이재명 상임고문의 정치적 근거지로 꼽히는 경기 성남시에서 배국환 전 기재부 2차관을 시장 후보로 공천했다. 그는 기획예산처 예산총괄과장과 재정전략실장, 감사원 감사위원 등을 거쳤다. 의사 출신인 신상진 국민의힘 예비후보와 맞붙을 것으로 전망된다.국민의힘에서도 기재부 출신 인사가 공천을 신청했다. 윤영선 전 관세청장은 김태흠 전 국민의힘 의원의 충남도지사 출마로 공석이 된 충남 보령-서천 보궐선거에 도전했다. 윤 전 청장은 기재부 세제실장을 지냈다. 보궐선거는 6월 1일 지방선거와 함께 치러진다.10일 출범하는 윤석열 정부에서도 기재부 출신들이 중용된 바 있다. 김대기 대통령비서실장 내정자와 최상목 대통령경제수석비서관 내정자, 한덕수 국무총리 후보자와 추경호 경제부총리 겸 기재부 장관 후보자가 모두 기재부나 전신인 경제기획원, 재정경제부를 거쳤다. 헌정 사상 처음으로 ‘경제 원팀’이 모두 한 부처 출신인 셈이다.기재부 관계자는 “기재부 출신 인사들이 외부에서 활발하게 활동하는 것은 좋지만 ‘지나치게 기재부 인사가 많다’는 (지적에) 역풍이 불 수 있어 우려된다”고 말했다.세종=최혜령 기자 herstory@donga.com",2022-05-10,동아일보,,"기재부 출신, 尹정부 중용 이어 지방선거 대거 출마",https://www.donga.com/news/Economy/article/all/20220510/113307988/1
"尹, 정보수장에 측근 대신 외교안보통 낙점… ‘모사드’처럼 해외업무 집중-한미공조 의지

윤석열 정부 초대 국가정보원장으로 내정된 것으로 알려진 김규현 전 국가안보실 1차장(왼쪽)이 2014년 인천 아시아경기대회 폐회식에 참석한 김양건 당시 북한 대남비서 겸 통일전선부장과 오찬을 마치고 대화를 나누고 있는 모습. 동아일보DB

윤석열 정부의 첫 국가정보원장으로 김규현 전 국가안보실 1차장(69·사진)이 내정됐다. 윤 대통령은 이번 주 국정원장 인선을 발표할 예정이다.윤 대통령 측 핵심 관계자는 9일 동아일보와의 통화에서 “김 전 차장이 새 국정원장 후보자로 가장 유력하다”라며 “새 정부 출범 직후 이번 주 안에 이를 발표할 계획”이라고 밝혔다. 김 전 차장은 경기고, 서울대 치의학과를 졸업했으며 대학 재학 중인 1980년 외무고시(14회)에 합격해 공직에 입문했다. 외교부 북미1과장, 북미국 심의관, 주미 한국대사관 참사와 공사 등을 거친 정통 북미 라인이다. 박근혜 정부에서 외교부 1차관과 국가안보실 1차장, 대통령외교안보수석비서관 겸 국가안보실 2차장 등을 지냈다.역대 정부에서 국정원장에는 통상 대통령의 두터운 신임을 받는 측근이 기용됐다. 하지만 윤 대통령은 측근 대신 국가 안보에 정통한 전문가를 첫 국정원장 후보자로 낙점했다. 윤 대통령 측 관계자는 “윤 대통령은 본인이 잘 모르는 인물이라도 전문성을 갖춘 사람을 기용해 무한 신뢰하는 방안을 택한 것”이라고 설명했다. 국정원장 후보자는 국회 인사청문회를 거쳐 임명된다.윤석열 대통령이 새 정부의 첫 국가정보원장으로 김규현 전 국가안보실 1차장을 낙점한 배경에는 전문성과 국제 감각을 두루 갖춘 인물을 정보수장으로 앉히겠다는 의중이 작용한 것으로 알려졌다. 직업 외교관 출신으로 외교안보 요직을 두루 거친 경력을 적극 활용하겠다는 취지다. 미국통으로 ‘워싱턴 스쿨’로 분류되는 김 전 차장을 통해 정보 분야에서도 강력한 한미 공조를 도모하겠다는 의도도 깔렸다.김 전 차장은 서울대 치의학과를 졸업하고 외교관이 된 독특한 이력을 갖고 있다. 외교부 북미1과장과 북미국 심의관, 주미 한국대사관 참사와 공사 등 미국 전문가로 정통 ‘엘리트 코스’를 밟았다. 김대중 정부 시절 대통령비서실에 파견됐고, 노무현 전 대통령 때는 김관진 당시 국방부 장관을 보좌하며 국방부 국제협력관으로 전시작전통제권 전환 등 한미 간 핵심 국방 현안에 깊숙이 관여했다.김 전 차장은 박근혜 정부 들어서도 외교부 1차관과 국가안보실 1차장, 2차장 등 요직을 두루 거쳤다. 다만 세월호 사고 당시 국가안보실 1차장으로 보고 시각 및 박 전 대통령의 최초 지시 시각 등을 조작한 혐의로 체포됐지만 처벌받진 않았다.앞서 윤석열 정부의 첫 국정원장으로는 국정원 내부 인사나 정치인 등도 거론됐다. 그럼에도 결국 직업 외교관 출신인 김 전 차장을 발탁한 것은 국정원을 이스라엘 정보기관인 ‘모사드’처럼 해외 정보 업무에 집중하는 첩보조직으로 운영하겠다는 윤 대통령의 강한 의지 때문으로 풀이된다. 윤 대통령은 국정원 핵심 업무인 북한 이슈도 국제 정세를 읽을 줄 아는 인물이 맡아야 한다는 생각을 가진 것으로 알려졌다. 김 전 차장은 외교부와 안보실을 두루 경험해 이 같은 구상에 적임자라고 평가받는다.윤 대통령 측은 앞서 “새 정부에선 대통령이 국정원장과 독대하지 않을 방침”이라고 밝혔다. 첫 국정원장으로 윤 대통령과 별다른 인연이 없는 김 전 차장을 발탁한 게 불필요한 정치적 오해 등을 원천 차단하겠다는 포석 아니냐는 해석도 나온다.△서울(69) △경기고, 서울대 치의학과 학사, 미국 하버드대 행정학 박사 △외무고시(14회) △외교부 1차관 △국가안보실 1차장 △대통령외교안보수석비서관 겸 국가안보실 2차장전주영 기자 aimhigh@donga.com최지선 기자 aurinko@donga.com",2022-05-10,동아일보,,국정원장 김규현 내정… 북미라인 외교-안보통,https://www.donga.com/news/Politics/article/all/20220510/113308123/1
"미국의 핵탐지 정찰기인 콘스턴트피닉스(WC-135W·사진)가 7일 미 본토에서 일본 오키나와 가데나 기지로 전진 배치됐다. 갓 출범한 윤석열 정부와 한미 정상회담(21일)을 겨냥한 북한의 핵도발이 사실상 초읽기에 들어간 것이 아니냐는 관측이 나온다.콘스턴트피닉스는 북한이 핵실험을 하면 곧장 동해로 전개될 것으로 보인다. ‘핵탐지견’이란 별칭의 이 정찰기는 핵실험 직후 대기로 퍼져나간 극미량의 방사성물질(핵종)을 포집 분석한다. 핵실험의 ‘스모킹 건’(결정적 증거)인 핵종의 종류를 가려내 핵실험에 사용한 핵물질이 플루토늄인지 우라늄인지를 판별할 수 있다. 북한 핵실험 때마다 동해로 날아왔다.이런 가운데 북한의 사상 첫 연쇄 핵실험 가능성에 대한 우려도 커지고 있다. 북한이 통상 핵소형화 기준(직경 60cm·무게 500kg 미만)보다 작은 전술핵탄두를 제작했다면 한 차례 실험으론 성능을 입증하기 힘들다. 함경북도 길주군 풍계리 핵실험장의 3번 갱도는 ‘가지갱도’ 형태로 1kt(킬로톤·1kt는 TNT 1000t의 폭발력) 안팎의 소형 핵탄두를 하루 또는 며칠 간격으로 2, 3차례 연속 실험할 수 있다는 분석이 나온다.북한 위협에 대응한 한미의 대응도 본격화되고 있다. 4개월간 정비를 끝낸 미 7함대 소속 로널드레이건 항공모함은 8일 모항(일본 요코스카항)을 출항해 시험운항에 들어갔다. 조 바이든 대통령의 방한 기간(20∼22일) 동해상에서 대북 견제 및 핵도발 시 무력시위에 나설 것으로 보인다. 또 한미 공군은 6일부터 90여 대의 군용기를 동원해 연합공중훈련을 진행 중이다.윤상호 군사전문기자 ysh1005@donga.com신규진 기자 newjin@donga.com",2022-05-10,동아일보,,北 核도발 임박?… 美 핵탐지정찰기 日기지 배치,https://www.donga.com/news/Politics/article/all/20220510/113307927/1
"한동훈 법무부 장관 후보자가 9일 국회에서 열린 인사청문회에서 의원들의 질의에 답하고 있다. 한 후보자는 이날 의원들의 질의에 대해 “새겨듣겠다” “경청하겠다”고 몸을 낮추면서도 ‘딸 스펙 쌓기’ 등 자신을 향한 의혹에 대해 조목조목 반박했다. 사진공동취재단

민주 “한동훈 딸, 부모찬스로 논문 스펙” 韓 “연습용 리포트 수준”

○ “부모 찬스 스펙” vs “연습용 리포트 수준”

○ 청문회장에 소환된 ‘조국 수사’

○ 한동훈 “나도 보복수사 피해자… 철저히 감독”

더불어민주당과 국민의힘이 9일 한동훈 법무부 장관 후보자 인사청문회에서 이른바 ‘검수완박’(검찰 수사권 완전 박탈) 법안을 놓고 정면충돌했다.한 후보자는 이날 국회 법제사법위원회에서 열린 청문회 인사말에서 “최근 검수완박 법안이 국회를 통과해 시행을 앞두고 있어 국민적 우려가 큰 상황”이라며 “이 법안은 부패한 정치인과 공직자 처벌을 어렵게 하고 그 과정에서 국민이 보게 될 피해가 너무나 명확하다”고 말했다.민주당은 즉각 한 후보자의 사과를 요구했다. 민주당 김종민 의원은 “‘검수완박’ 용어를 굳이 쓴 것은 싸우겠다는 것”이라며 “제가 청문회를 여러 번 해봤지만, 인사말에서 ‘한판 붙을래’ 이런 식으로 했던 후보는 처음”이라고 성토했다. 이에 국민의힘 윤한홍 의원은 “민주당에서 왜 날치기 처리했느냐. 아주 좋은 법이면 그게 날치기 처리할 법이 아니지 않으냐”고 반박했다.2시간 가까이 이어진 공방 끝에 오후 들어 시작된 청문회에서 민주당은 한 후보자 고등학생 딸의 노트북 기부, 외국 대필 작가 등 ‘스펙 쌓기’ 의혹에 대한 강제 수사 필요성을 주장했다. 민주당 김용민 의원은 “딸의 스펙 쌓기 활동은 제3자 뇌물죄, 배임증재, 업무방해, 저작권법 (위반) 등이 성립할 수 있다”며 “한 후보자가 강조했던 공정과 정의, 상식에 비추어 보면 당연히 수사 대상”이라고 비판했다.이에 대해 한 후보자는 “미성년인 딸이 ‘좌표 찍기’를 당하고 감당하기 어려운 공격을 당하고 있어 충격을 받은 상태”라며 “입시에 쓰이지 않았고 쓰일 계획도 없는 습작 수준의 글을 올린 것 가지고 수사까지 말하는 것은 과하다”고 답했다.“저널에 등재하면 논문이다. 아니라는 건 황당한 논리다. 한마디로 한동훈 가족판 스카이캐슬이다.”(더불어민주당 김영배 의원)“(논문이라고 하는데) 낮은 수준의 리포트고 학교 과제로조차 낸 바 없다. 국제학교 학습 과정을 아카이브 형식으로 보존한 것이다.”(한동훈 법무부 장관 후보자)9일 국회 법제사법위원회에서 열린 한 후보자 인사청문회에선 고교생인 한 후보자 딸의 ‘스펙 쌓기’ 의혹에 대한 민주당 의원들의 집중 공세가 이어졌다. 민주당은 2019년 대검찰청 반부패강력부장으로 조국 전 법무부 장관의 입시비리 수사를 지휘한 한 후보자가 ‘내로남불’ 행태를 보이고 있다는 점을 집중적으로 파고들었다.이에 대해 한 후보자는 “입시에 사용된 사실이 없고, 입시에 사용할 계획도 없다”면서도 “누구나 가질 수 있는 기회가 아니란 점에 대해선 뼈아프게 느낀다. 충분히 마음에 새기고 봉사하며 살겠다”고 몸을 낮췄다.민주당은 한 후보자 딸과 처조카들이 유사한 스펙을 쌓았다면서 처가 식구들이 동원된 ‘스펙 공동체’라고 주장했다. 또 케냐 출신 ‘벤슨’이라는 대필 작가가 한 후보자 딸의 논문을 대신 작성해줬다는 의혹을 집중 추궁했다.이에 대해 한 후보자는 “온라인 튜터로부터 도움을 받은 적은 있는데 벤슨이라는 사람과 접촉하거나 도움을 받은 적은 전혀 없다”고 반박했다. 이어 “논문이라고 하지만 실제로는 2∼3페이지 수준의 연습용 리포트”라며 “수사까지 말하는 건 과하다”고 맞섰다.한 후보자 딸이 가입한 봉사단체가 2020년 노트북 기부에 관여한 것을 두고도 향후 대입에 활용하기 위한 ‘스펙 쌓기용 봉사활동’이라는 지적이 이어졌다. 이에 대해 한 후보자는 “일회성이 아니라 3년 가까이 하고 있고 도움 받는 분들도 많은 걸로 안다”며 “(기업이) 불용 노트북을 기증한 것이다. 오히려 장려해야 될 부분 아닌가”라고 맞섰다. 한 후보자는 1998년 서울 신반포 청구아파트를 편법 증여 받았다는 의혹에 대해선 “당시 부친께서 공직 생활을 떳떳하게 하라고 여러 차례 세금 범위 내에서 (자금을) 주셨고, 세금을 내며 증여도 받은 상태였다”고 해명했다.무소속 민형배 의원은 이날 조 전 장관 수사를 언급하며 “온 국민이 다 알듯 70회 넘게 압수수색했다. 과잉 수사였다”며 사과를 요구했다. 그러자 한 후보자는 “사과할 사안은 아니다. 과잉 수사가 아니었다”며 “사건 당사자가 음모론을 펴면서 수사팀을 공격하고 여론을 동원해 수사팀을 공격하고, 뻔한 상황에 대해 거부할 경우엔 집중적으로 수사할 수밖에 없다”고 받아쳤다.또 당시 수사에서 검찰이 조 전 장관 딸의 일기장까지 압수수색했다는 주장에 대해선 “(수사팀에 물으니) 그런 사실이 없다고 한다”며 “아마 잘못 알고 계신 것 같다”고 했다. 민 의원이 “(조 전 장관이 페이스북에) 고교생 일기장을 압수했다고 한다”고 하자, 한 후보자는 “확인해봤는데 수첩, 일정표를 말하는 거다. 일기장과 수첩은 다르다”고 반박했다.한 후보자는 또 “지난 3년간은 유례없을 정도로 검찰이 정치화됐던 시기”라며 “조국 사태 이후 할 일 하는 검사를 내쫓고 그 자리를 말 잘 듣는 검사로 채우며, 수사지휘권을 동원해 반대파를 가혹하게 수사한 것은 반성할 부분”이라고 목소리를 높였다. ‘검수완박’(검찰 수사권 완전 박탈)법에 대해선 “부패 정치인이나 공직자가 처벌을 면하기 위해 만든 법”이라고 비판했다. 다만 권한쟁의심판 청구 등 구체적인 대응 방안에 대한 질의엔 “취임 전이라 미리 검토할 사항은 아니다”라고 선을 그었다.한 후보자는 검찰 지휘와 관련해선 독립된 수사 환경을 조성하겠다는 점을 강조했다. 한 후보자는 “저는 독직폭행까지 당했고, 보복수사의 피해자라고 생각한다”며 “보복수사 같은 말이 나오지 않도록 철저히 감독하고, 정권 유불리와 관계없이 인사에서 불이익을 주지 않을 것”이라고 말했다.박훈상 기자 tigermask@donga.com유원모 기자 onemore@donga.com고도예 기자 yea@donga.com",2022-05-10,동아일보,,"한동훈 “검수완박법, 국민 우려 커” vs 민주 “싸우자는 건가”",https://www.donga.com/news/Society/article/all/20220510/113308218/1
"미국을 비롯한 주요 7개국(G7)이 러시아 석유 수입을 단계적으로 금지하는 등 러시아를 겨냥한 경제제재 확대에 합의했다. 러시아 전승기념일(9일)을 하루 앞두고 고강도 제재를 내놓으며 “러시아를 세계 최대 에너지 수출국에서 끌어내리겠다”는 뜻을 분명히 했다. 일본 등 G7은 또 우크라이나에 무기 지원을 계속 확대한다는 데에 합의했다.G7 정상들은 8일(현지 시간) 화상 정상회의 후 발표한 공동성명에서 “러시아 석유 수입의 단계적 금지를 통해 러시아 에너지에 대한 의존을 줄이겠다”고 밝혔다. G7이 러시아 석유 금수(禁輸)를 공동성명에 명시한 것은 처음이다. 다만 대체 에너지 확보 시점을 조건으로 제시하며 명확한 금수 시점은 밝히지 않았다. G7은 러시아 기업에 대한 서비스 제공 금지 및 금융제재 확대에도 합의했다. 이날 화상 회의에는 볼로디미르 젤렌스키 우크라이나 대통령도 함께했다.이에 따라 조 바이든 미 행정부는 러시아 기관 및 기업에 대한 미국 경영·회계 컨설팅 같은 서비스 제공을 금지했다. 특히 러시아의 최대 에너지 수출액을 차지하는 국영 천연가스 기업 가스프롬 자회사 가스프롬은행 임원 27명에 대한 제재도 처음 단행했다.또 러시아 방송사 채널-1, 로시야(러시아)-1, NTV도 제재 대상에 올렸다. 직간접으로 국가 통제를 받고 있는 이 방송 3사는 러시아에서 시청률이 가장 높아 외국 기업이나 정부로부터 많은 수입을 벌어들이는 것으로 알려져 있다. 모든 미국 기업은 이 3개사에 광고나 기타 장비를 판매할 수 없게 된다.수출 통제 품목도 산업용 엔진, 보일러 등으로 확대했다. 미 원자력규제위원회는 러시아에 대한 특수 핵물질 등의 수출 인가를 중단한다고 밝혔다. 바이든 행정부 관계자는 “반도체에서 시작된 러시아 수출 통제가 공산품으로 확대되는 것”이라고 설명했다. 백악관은 “우크라이나 전쟁은 향후 15년간 러시아의 경제 효과를 없앨 것”이라며 우크라이나군의 승리는 물론이고 러시아 경제를 옛 소련 몰락 직후 수준으로 낙후시키겠다는 뜻을 내비쳤다.G7은 또 “우크라이나군에 대한 지속적인 군사 및 국방 지원을 추구할 것”이라고 밝혔다. G7에 속한 일본은 우크라이나에 군사용 방독면과 드론 등을 제공했다. 21일 열리는 한미 정상회담에서 미국이 한국에 우크라이나 무기 지원을 압박할 것이라고 외교 소식통이 전했다.워싱턴=문병기 특파원 weappon@donga.com",2022-05-10,동아일보,,G7 “러 석유 수입 단계적 금지… 우크라에 무기 지원 확대”,https://www.donga.com/news/Inter/article/all/20220510/113307945/1
"尹대통령 10일 0시 용산 벙커서 군통수권 인수 윤석열 대통령이 10일 0시 서울 용산구 대통령 집무실 지하벙커에 마련된 국가위기관리센터 상황실에서 합동참모본부 지휘통제실로부터 군 통수권 이양에 따른 보고를 받으며 거수경례를 하고 있다. 대통령실 제공

크게보기 윤석열 대통령이 10일 0시 용산 대통령실 청사 내 국가위기관리센터에서 서욱 국방부장관과 원인철 합참의장 및 각군 사령관과 첫 회의를 하며 국군통수권을 이양받고 있다. 대통령실 제공

○ 與 “총리 인준 본회의 열자” vs 野 “정호영 고발”





○ ‘0.73%포인트의 늪’, 설자리 잃은 與野 온건파





○ “대통령이 소통에 진정성 가져야”





윤석열 대통령이 10일 대한민국 20대 대통령으로 취임한다. 제왕적 권력의 폐해를 극복하겠다며 청와대에서 나와 ‘용산 시대’를 연 첫 대통령으로 기록된다.윤 대통령은 임기 5년 동안 ‘다시 도약하는 대한민국, 함께 잘사는 국민의 나라’를 만들겠다고 약속했다. 저성장과 양극화의 어려움을 딛고 대한민국을 선진국으로 재도약시키는 한편 지역, 계층, 세대를 넘어 국민통합을 이루겠다는 의지다. 하지만 우리 경제를 향해 쓰나미처럼 밀려드는 악재와 여소야대 국회의 극한 대립 등 윤 대통령을 둘러싼 현실은 결코 녹록지 않다.윤 대통령은 이날 0시 서울 용산구 대통령 집무실 지하에 마련된 국가위기관리센터 상황실에서 합동참모본부 지휘통제실로부터 군 통수권 이양에 따른 전화 보고를 받는 것으로 대통령으로서의 업무를 시작했다. 같은 시각 서울 종로구 보신각에서는 윤 대통령의 임기 개시를 알리는 타종 행사가 열렸다.윤 대통령은 이날 서울 서초구 서초동 자택에서 출발해 오전 국립서울현충원을 참배한 뒤 취임식에 참석한다. 취임식은 오전 11시 서울 여의도 국회의사당 앞마당에서 국내외 초청 귀빈과 일반 국민 4만1000명이 참석한 가운데 열린다. 윤 대통령은 국민에게 더 낮은 자세로 다가가 소통하겠다는 뜻으로 국회 입구에서 취임식 무대까지 걸어서 이동하고, 역대 대통령 취임식에서 선보인 적 없는 돌출 무대에서 취임사를 발표한다.윤 대통령은 취임사를 통해 자유민주주의와 공정한 시장경제, 보편적인 권리로서의 인권 등을 최우선 가치로 삼아 국정 운영을 하겠다고 선언할 계획이다. 또 국제사회에서 책임 있는 국가로서의 역할을 다하고, 세계로부터 존경 받는 나라를 지향하겠다는 비전도 밝힐 예정이다. 취임사를 읽은 직후에는 청와대를 국민의 품으로 돌려보내는 현장을 이원 생중계하는 ‘청와대 개방 선포’ 행사도 진행한다. 청와대는 이날 취임식이 끝나는 낮 12시를 기해 국민에게 전면 개방된다.이날 윤 대통령은 취임하지만 새 정부 첫 내각의 구성은 진통을 겪고 있다. 한덕수 국무총리 후보자에 대한 국회 임명동의안 표결을 위한 본회의 일정은 잡지도 못한 상태다. 제1야당으로 위상이 바뀐 더불어민주당의 협조가 전제조건인 상황에서 한동안 국무총리 없는 국정 운영이 불가피하다. 9일 현재 국회 인사청문경과보고서 채택이 이뤄진 장관 후보자도 총 18명의 후보자 중 7명에 불과하다. 1987년 대통령 직선제 실시 이후 첫 ‘국회의원 0선’ 출신 대통령의 리더십과 정치력이 취임과 동시에 시험대에 오른 셈이다.윤석열 대통령 취임 하루 전인 9일 국회에서 열린 한동훈 법무부 장관 후보자의 인사청문회는 새 정부 출범 이후 펼쳐질 여야의 극한 대립을 보여주는 예고편이었다. 이날 오전 10시에 시작된 청문회에서 한 후보자는 약 2시간 동안 인사말 외에 단 한마디도 하지 못했다. 자료 제출 미흡, 특정 의원의 청문회 제척 주장 등을 두고 국민의힘과 더불어민주당 의원들이 맞붙었기 때문이다. 오후 청문회에서도 여야 의원들은 민주당의 ‘위장 탈당’ 등을 두고 거세게 충돌했다.문제는 이런 국회의 극한 대립이 2년 내내 지속될 가능성이 크다는 점이다. 윤석열 정부는 168석이라는 역대 가장 거대한 야당을 상대해야 하지만 인사청문 국면에서 “국무총리 없이 가겠다”며 단 한 걸음도 물러서지 않았다. 여당에서 야당으로 신분이 바뀐 민주당 역시 의석수 우위를 앞세워 국회 법제사법위원회 사수 등 폭주를 이어갈 태세다.이날 꽉 막힌 인사 정국을 대하는 여야의 행보는 극명하게 엇갈렸다. 5년 만에 여당 자리를 되찾은 국민의힘은 박병석 국회의장에게 한덕수 국무총리 후보자 인준을 위한 국회 본회의 소집을 요구했다. 일부 후보자의 자진 사퇴를 요구하는 민주당의 요구는 외면한 채 “새 정부가 정상적으로 일하기 위해서는 총리 선임이 이뤄져야 한다”는 주장만 앞세운 것.반면 민주당은 이른바 ‘아빠 찬스’ 의혹이 불거진 정호영 보건복지부 장관 후보자와 오등봉 개발 특혜 의혹 등이 제기된 원희룡 국토교통부 장관 후보자에 대한 고발 조치에 나섰다. “명백한 불법 혐의를 받는 후보자에게는 법적 책임을 물어야 한다”는 주장이지만, 정작 총리 인준 지연으로 새 정부가 ‘반쪽 출범’하는 상황은 여전히 외면했다.우여곡절 끝에 험난한 인사 정국이 끝난다 해도 갈등의 뇌관은 또 있다. 이미 21대 국회 후반기 원(院) 구성을 둘러싼 여야의 신경전은 시작됐다. 지난해 여야 원내대표가 후반기 법제사법위원장은 국민의힘이 맡기로 합의했지만 민주당은 합의 백지화를 선언했다. 이른바 ‘검수완박’(검찰 수사권 완전 박탈) 중재안을 국민의힘이 파기하자 민주당도 합의 파기로 맞불을 놓은 것. 게다가 법안의 본회의 의결을 위한 최종 관문인 법사위를 놓고 여도 야도 물러설 수 없다는 태도다.이런 대치의 근원에는 역대 가장 치열했던 3·9대선의 결과가 자리 잡고 있다. 당장 정권 재창출에 실패한 민주당에서는 성찰을 찾아볼 수 없다. 오히려 “0.73%짜리가 모든 권력을 전횡하고 독단하는 것”(송영길 전 대표)이라는 기류가 강하다.국민의힘 역시 윤 대통령을 찍지 않은 51.44%의 표심을 신경 쓰기보다는 “이겼으니 우리 뜻대로 하겠다”는 태세다. 의장 중재로 여야 원내대표가 서명하고, 각 당의 의총 추인까지 거친 검수완박 법안을 단숨에 뒤집어버린 사례가 대표적이다. 여기에 역대 어느 정부 때보다 의석수 차이가 큰 여소야대 지형도 새 정부와 제1야당의 ‘강 대 강’ 대치를 부채질하고 있다. 109석을 차지하고 있는 국민의힘은 과반 의석을 차지하고 있는 제1야당 민주당(168석)보다 59석이 적다. 1987년 대통령 직선제 도입 이후 새 정부 출범 당시 여당과 거대야당의 의석수 차이가 가장 컸던 노무현 정부 때 49석보다 그 격차가 크다.정치권 관계자들은 6·1지방선거를 앞두고 여야의 대치 국면이 계속 고조될 것으로 내다보고 있다. 민주당의 한 초선 의원은 “이번 지방선거에서도 각자의 지지층을 총결집시키면 이길 수 있다는 생각을 여야 모두 하고 있다”며 “중도층의 마음을 얻기 위한 온건 행보는 설 자리를 잃었다”고 했다. 실제로 민주당의 ‘검수완박’ 폭주에 우려를 표했던 민주당 내 온건파들은 더 이상 입을 열지 않는다. “정 후보자 등 여론의 질타를 받고 있는 후보자의 거취는 정리해야 한다”는 국민의힘 일각의 목소리 역시 완전히 묻혔다. 이에 대해 이준한 인천대 교수는 “내부 강경파들은 소수의 목소리 큰 사람들만 대변하는데, 그 강경파에 이끌려 가다 보면 갈등만 반복하게 된다”고 지적했다.만약 국회가 다음 총선까지 남은 2년 동안 지금과 같은 극한 대치를 이어간다면 피해는 국가와 국민의 몫이 된다. 윤석열 정부는 가장 의욕적으로 국정 과제를 추진해야 할 초반 2년을 흘려보낼 수밖에 없고, 민주당 역시 수권 정당의 모습보다는 ‘발목 잡기 정당’이라는 낙인이 찍힐 가능성도 있다. 결국 다시 대화와 협치의 물꼬를 터야 하는 이유다.야권 관계자는 “내부에서도 ‘한 발짝 물러나 손을 먼저 내미는 쪽이 결국은 승자가 될 것’이라는 목소리가 나온다”며 “대화 제의를 거부하는 쪽이 민심의 외면을 받게 되는 건 자명한 일”이라고 했다. 극한 대립의 출구를 찾기 위한 방안을 대통령실과 여야 모두가 모색해야 한다는 것.보수 진영의 원로들도 “국정 최고 책임자인 대통령이 소통에 진정성을 가지고 임해야 한다”고 조언했다. 김형오 전 국회의장은 “소통으로 인한 성과를 염두에 두지 말고 소통을 위한 노력을 할 수 있는 한 최대한 기울여야 한다”며 “여기에 각계각층의 의견을 골고루 경청하는 모습도 보여줘야 한다”고 했다.홍수영 기자 gaea@donga.com한상준 기자 alwaysj@donga.com강성휘 기자 yolo@donga.com이윤태 기자 oldsport@donga.com",2022-05-10,동아일보,,"尹정부, 168석 巨野와 대치… 대화-협치로 국정운영 길 터야",https://www.donga.com/news/Politics/article/all/20220510/113308302/1
"‘우크라 침공’ 러시아가 연 2차대전 승전 기념식 러시아의 제2차 세계대전 승리 77주년 기념일인 9일(현지 시간) 블라디미르 푸틴 대통령(왼쪽 사진 가운데)이 모스크바 붉은광장에서 열린 승전 퍼레이드를 마친 뒤 참전 군인들과 함께 ‘무명용사의 묘’에 헌화하러 가고 있다. 오른쪽 사진은 이날 열병식 퍼레이드에 등장한 핵탄두 탑재 RS-24 야르스 대륙간탄도미사일(ICBM). 모스크바=AP 뉴시스

○ 푸틴 연설에 英 “약간 절망한 기색”

○ 러 “핵전쟁 시 나토국 30분 만에 파괴”

블라디미르 푸틴 러시아 대통령은 9일 수도 모스크바 붉은광장에서 열린 자국의 제2차 세계대전 전승기념일 연설에서 “(우크라이나 남부) 크림반도를 포함해 우리(러시아) 영토를 침략하려는 서방의 준비가 노골적으로 진행되고 있었다”며 우크라이나 침공을 정당화했다. 푸틴 대통령은 이날 11분간의 연설 내내 “서방의 공세에 선제적으로 대응한 것”이라며 전쟁 책임을 모두 서방에 돌렸다.영국 일간 가디언은 이날 “푸틴의 연설에 (서방 당국이 예상한) 중대 발표는 없었다. 우크라이나에 대한 공식 (전면전) 선전포고도, (이를 위한) 국민 총동원령도, 핵무기 사용 위협도 없었다”며 “그렇다고 우크라이나 동부 돈바스에서 승리했다는 선언에 따른 긴장 완화 신호도 없었다”고 지적했다. 타스통신에 따르면 푸틴 대통령은 열병식 뒤 돈바스 전투에서 사망한 대대장의 아버지를 만나 “모든 계획은 이행될 것이고 한 치의 의심 없이 성과를 얻을 것”이라고 했다. 목표 달성 때까지 전쟁을 계속하겠다는 뜻을 밝힌 것이다.이날 볼로디미르 젤렌스키 우크라이나 대통령은 “승리로 가는 길은 어렵지만 우리가 이길 것이라는 데 의심의 여지가 없다”고 말했다. 서방의 대규모 무기 지원을 받은 우크라이나군과 고전 속 공세를 강화하는 러시아군 간 교착 상태가 장기화될 가능성이 높아졌다.이날 열병식 행사장에 들어선 푸틴 대통령은 2차대전 참전용사들과 악수를 할 때나 시민들에게 손을 흔들 때 미소를 잠깐 지은 것 외엔 대체로 어두운 표정이었다.푸틴 대통령이 점령을 공언한 동부 돈바스 지역 승리 선언마저 나오지 않은 데는 러시아군 일부가 퇴각하거나 점령이 지연되는 등 고전하는 것과 무관치 않다는 분석이 나온다. 미국 싱크탱크 전쟁연구소(ISW)는 “돈바스의 도네츠크주, 루한스크주를 점령하려는 러시아의 공세 작전이 진전을 보지 못하고 있다”고 했다.그럼에도 푸틴 대통령은 ‘우크라이나’라는 단어를 한 번도 꺼내지 않은 채 러시아군이 “우리 영토에서 싸우고 있다”고 말했다. 영국 파이낸셜타임스는 “러시아군이 점령한 동남부 등 우크라이나 영토를 러시아 땅이라고 주장하는 것”이라고 했다.푸틴 대통령은 연설에서 “모든 병사와 장교의 죽음은 우리에게 고통스럽다”고 밝히며 사상자에 대한 보상을 약속했다. 사상자가 크게 증가하는 상황에서 민심을 달래려는 목적으로 풀이된다. 우크라이나군은 러시아군 2만5000명이 사망했다고 주장한다.벤 월리스 영국 국방장관은 푸틴 대통령의 연설에 대해 “약간 절망한 기색이 보인다”며 “푸틴은 그가 믿고 싶어 하는 것만 믿고 있다”고 평가했다.러시아는 1만 명 이상 군인이 참가해 약 3시간 동안 진행된 열병식에서 등장이 예상됐던 핵전쟁 대비 공중 지휘통제기 ‘둠스데이’(최후의 날)를 선보이지 않았다. 러시아 대통령실 크렘린궁은 열병식에 앞서 기상 악화를 이유로 77대의 전투기를 동원한 에어쇼를 취소했다. 열병식을 생중계한 영국 텔레그래프는 “비가 오지도 않은 날씨를 보면 기상 악화라고 볼 수 없는 것 같다”며 의문을 제기했다.다만 미국의 미사일방어체계(MD)를 무력화시킬 수 있는 대륙간탄도미사일(ICBM) ‘RS-24 야르스’와 전술핵무기 탑재 이스칸데르 등은 열병식에 등장시켰다.이날 미국 폭스뉴스에 따르면 드미트리 로고진 러시아 연방우주공사 사장은 “핵전쟁이 발발할 경우 북대서양조약기구(NATO·나토) 국가들은 30분 만에 파괴될 것”이라고 위협했다.파리=김윤종 특파원 zozo@donga.com카이로=황성호 특파원 hsh0330@donga.com",2022-05-10,동아일보,,푸틴 “서방이 영토 침략” 침공 정당화… 전승절 승리선언 못했다,https://www.donga.com/news/Inter/article/all/20220510/113307971/1
"취임식 무대 준비 끝 10일 서울 여의도 국회의사당 앞마당에서 열리는 윤석열 대통령 당선인의 취임식 무대 모습. 국회 본청 건물에는 취임식 슬로건인 ‘다시 대한민국! 새로운 국민의 나라’가 적힌 대형 걸개그림이 내걸렸다. 사진공동취재단

○ 尹, ‘국민희망대표’ 20명과 단상에 올라

○ 취임사 후 청와대 개방 생중계…“尹, 소통 의지”

윤석열 대통령의 취임식이 10일 오전 ‘다시 대한민국! 새로운 국민의 나라’라는 슬로건으로 서울 여의도 국회의사당 앞 잔디마당에서 열린다. 윤 대통령은 10일 오전 서울 서초구 서초동 자택을 나서 동작구 국립서울현충원에서 참배를 한 뒤 취임식장에 도착한다.이날 오전 11시 취임식 본행사는 윤 대통령과 부인 김건희 여사가 취임식장에 입장하는 것으로 시작한다. 윤 대통령의 당선 이후에도 잠행을 이어온 김 여사가 처음으로 공개석상에 모습을 드러내는 것이다. 윤 대통령 내외는 국회 정문에서 차에서 내린 뒤 시민과 악수를 하고 사진도 찍으며 취임식 단상까지 약 180m를 걸어 이동한다.윤 대통령 내외의 입장에 맞춰 ‘위풍당당 행진곡’이 연주된다. 지휘봉은 2세 때 소아마비로 휠체어를 타는 차인홍 미국 라이트주립대 음악원 교수가 잡고, 서울시립교향악단과 발달장애인 오케스트라인 ‘하트하트 오케스트라’가 연주한다.이어 윤 대통령 내외는 ‘국민희망대표’ 20명과 함께 취임식 무대에 오를 예정이다. 20명은 윤 대통령이 대한민국의 20대 대통령이라는 점을 의미한다.국민희망대표 20명에는 넷플릭스 드라마 ‘오징어 게임’에서 ‘깐부 할아버지’로 이름을 알린 배우 오영수와 천안함 생존 병사인 전환수 씨, 10년간 매년 익명으로 1억 원을 기부해 온 ‘키다리 아저씨’ 박무근 씨, 장애를 딛고 스키 선수로 활약하는 최사라 씨, 신종 코로나바이러스 감염증(코로나19) 최전선에서 방호복을 입고 화투를 치며 할머니 환자를 보살핀 간호사 송주연 씨 등이 포함됐다. 취임식준비위원회 측은 이들에 대해 “각자의 자리에서 묵묵히 대한민국을 빛내고 있는 사람들로, 총 6가지 범주에 따라 초청됐다”고 설명했다.취임식은 윤 대통령의 취임선서, 의장대 행진 및 예포 발사, 취임사 순으로 진행된다. 윤 대통령은 단상에서 계단을 내려와 객석을 향해 10m 정도 튀어나온 돌출 무대에서 취임사를 발표한다. 국민에게 더 가까이 다가가겠다는 윤 당선인의 의지가 반영됐다.취임사 이후에는 이날 낮 12시부터 개방되는 청와대에 대한 개방 선포가 이어진다. 개방 현장 상황은 취임식에 실시간으로 중계될 예정이다. 취임식준비위 측은 “청와대 개방은 74년 만이며 늘 국민 곁에서 국민의 목소리를 경청해 새로운 국민의 나라를 만들어가겠다는 대통령의 국민 소통의 의지가 담겨 있다”고 강조했다.이번 취임식에는 ‘민간이 끌고 정부가 미는 역동적 경제’를 강조한 윤 대통령의 국정철학을 반영해 재계 인사들도 폭넓게 초청했다.5대 그룹 총수와 경제6단체장 등 재계 주요 인사들이 대거 초청된 가운데 강한승 쿠팡 대표, 김슬아 컬리 대표, 안준형 오아시스마켓 대표 등 이커머스 업체 대표와 인터넷은행 ‘토스’를 운영하는 이승건 비바리퍼블리카 대표도 취임식에 참석한다. 초청 배경으로는 국내 일자리 창출에 대한 기여도가 꼽힌다. 국민연금공단에 따르면 쿠팡은 최근 1년간 국내 기업 중 가장 많은 9722명을 신규 채용했다. 윤 대통령이 플랫폼 규제 혁신에 대한 의지를 지속적으로 드러낸 데 따른 결정으로도 풀이된다.박근혜 전 대통령도 참석한다. 건강상 문제로 불참 의사를 밝힌 노무현 전 대통령의 부인 권양숙 여사 외에 전두환 전 대통령의 부인 이순자 여사와 이명박 전 대통령의 부인 김윤옥 여사 등도 참석할 예정이다.조아라 기자 likeit@donga.com이지윤 기자 leemail@donga.com",2022-05-10,동아일보,,"尹대통령 부부, 국민희망대표 20명과 행진곡 맞춰 연단 입장",https://www.donga.com/news/Politics/article/all/20220510/113308277/1
"9일 오후 인천국제공항 제1 여객터미널에서 해외로 떠나려는 이용객들이 출국 수속을 밟고 있다. 지난달 인천국제공항 국제선 이용객 수는 2년 만에 처음으로 50만 명을 넘어섰다. 인천=홍진환 기자 jean@donga.com

이달 말 결혼하는 정모 씨(35)는 서유럽으로 신혼여행을 갈 계획이었다. 그런데 자고 일어나면 항공 운임이 비싸졌다. 정 씨는 “지난달 초만 해도 80만 원이던 서유럽 왕복 항공 운임이 몇 주 만에 200만 원 이상이 됐다”고 했다. 정 씨는 부랴부랴 지난달 말 동유럽으로 들어가 서유럽을 통해 귀국하는 티켓을 130만 원을 내고 샀다. 동선까지 바꿨음에도 부부 기준으로 100만 원을 더 낸 셈이다. 지금 같은 노선 가격은 180만 원까지 올랐다.신종 코로나바이러스 감염증(코로나19) 방역 조치 완화에 따라 항공사들이 일부 노선을 증편하고 있지만 항공 요금이 크게 오르면서 소비자 불만이 커지고 있다. 항공사들은 여객 수요 증가 속도를 증편이나 규제 완화에 따른 좌석 공급이 따라가지 못해 생긴 현상이라고 항변한다.여행 및 유학 관련 인터넷 카페 등에서는 티켓을 일찍 구하지 않은 것을 후회하는 글들이 넘쳐난다. “코로나 이전엔 100만 원이던 미국 왕복 항공권이 2주 전엔 40만 원이나 올랐다”, “3월에 예매 안 한 게 후회되네요. 미리미리 예매한 사람이 승자”, “한 달 전 88만 원이던 걸 200만 원 주려니 너무 아깝다” 등이다. “항공권은 바로 지금이 가장 싸다”는 말도 나온다. 일부 고객들은 “코로나 땐 어렵다고 도와달라더니 이젠 배짱영업이냐”며 항공료를 올린 항공사에 불만을 터뜨리고 있다.항공 운임 상승은 일단 수요공급 불균형에 기인한 것으로 보인다. 항공사들은 노선별 항공 운임을 8∼12단계로 구분해 둔다. 대한항공이 인천∼로스앤젤레스(LA) 이코노미석 가격을 현재 9단계(171만5900∼405만8100원·유류할증료 포함)로 책정해 두는 식이다. 보통 항공사는 낮은 운임의 좌석부터 팔기 시작해 탑승일이 다가올수록 점차 비싼 좌석을 내놓는다. 일찍 예매하면 항공권을 싸게 살 수 있다는 얘기다.그러나 항공사들은 갑자기 수요가 몰릴 때는 높은 운임의 좌석부터 판다. 표 자체를 구하기 힘들기 때문에 아무리 비싸게 내놔도 족족 팔려 나가기 때문이다. 지금이 그렇다. 출발까지 수개월 남은 9, 10월 티켓들까지도 갑자기 가격이 오르는 게 그런 이유에서라는 분석이다.항공사들은 정부에 화살을 돌리고 있다. 수요가 폭증하는 지금도 여객 좌석 공급을 제한하는 정부 정책이 유지되면서 항공 운임 상승을 부추기고 있다는 것이다. 정부는 코로나19 방역을 이유로 공항의 시간당 운항 편수를 20편으로 제한하고 있다. 코로나19 이전(약 40편)의 절반 수준이다. 인천국제공항은 여객기 도착 시각을 제한하는 ‘커퓨’(항공기 통금시간)를 운영하고 있다. 현재는 오후 8시부터 다음 날 오전 5시까지가 해당한다. 항공사들이 인기 노선 증편을 하고 싶어도 못 하는 배경 중 하나다.업계에서는 고운임 현상이 당분간 지속될 것으로 보고 있다. 공급이 수요보다 많아져야 항공사들 간 경쟁이 이뤄져 가격이 내려가지만 정부는 올해 말까지 방역 상황 등을 고려해 국제선 운항 규모를 코로나 이전의 50%까지만 회복시키겠다고 한 상태다. 저비용항공사의 한 임원은 “고유가로 유류할증료 부담도 커져 항공 운임이 더 비싸게 느껴질 것”이라고 말했다.변종국 기자 bjk@donga.com김재형 기자 monami@donga.com",2022-05-10,동아일보,,유럽 왕복항공권 80만→200만 원 껑충… 자고나면 값 뛴다,https://www.donga.com/news/Economy/article/all/20220510/113307860/1
"기시다 日 총리



크게보기 윤석열 대통령 당선인이 9일 서울 종로구 통의동 대통령직인수위원회 집무실에서 하토야마 유키오 전 일본 총리와 악수하고 있다. 인수위사진기자단

윤석열 대통령 당선인은 취임을 하루 앞둔 9일 하토야마 유키오(鳩山由紀夫) 전 일본 총리 등 취임식에 참석할 해외 사절단을 연이어 만나며 정상 외교에 본격 시동을 걸었다.윤 당선인은 이날 서울 종로구 통의동 대통령직인수위원회 집무실에서 취임식 참석을 위해 방한한 어맨다 밀링 영국 외교부 아시아 담당 국무상, 사파예프 우즈베키스탄 상원1부의장과 하토야마 전 총리를 차례로 접견했다.특히 하토야마 전 총리는 일본 내 대표적인 친한파 정치인으로 2015년 서울 서대문형무소 역사관을 찾아 사죄하고 2018년 합천 원폭 피해자들 앞에 무릎을 꿇었다. 윤 당선인은 접견 자리에서 “2015년에 서대문형무소를 방문해주신 것을 일본 정치 지도자의 책임 있고 용기 있는 모습으로 많은 한국인들이 아직도 잘 기억하고 있다”고 했다.이날 하야시 요시마사(林芳正) 일본 외상은 기시다 후미오(岸田文雄) 일본 총리를 대신해 취임식에 참석하기 위해 방한했다. 하야시 외상은 이날 저녁 박진 외교부 장관 후보자와 회담한 것으로 알려졌다. 박 후보자는 “한일 간 인적 교류를 코로나19 이전으로 되돌리기 위해 김포∼하네다 노선 재개, 비자 면제 복원 등을 추진해 나가자”고 제안했고, 양측은 인적 교류 재활성화에 공감했다.교도통신에 따르면 기시다 총리는 이날 도쿄 총리관저에서 기자들과 만나 윤 당선인의 취임식에 외상을 총리특사로 파견한 데 대해 “한일 간 어려운 문제가 존재하지만 이대로 방치할 수는 없다”고 밝혔다.전주영 기자 aimhigh@donga.com도쿄=이상훈 특파원 sanghun@donga.com",2022-05-10,동아일보,,"尹, 하토야마 前 日총리 등 만나 외교 시동… 기시다 “韓日간 문제 이대로 방치할순 없어”",https://www.donga.com/news/Politics/article/all/20220510/113308285/1
"9일 부산 사하구 장림동 레미콘 업체 주차장에 운행을 멈춘 차량들이 서 있다. 전국건설노동조합 부산건설기계지부는 이날 부산과 경남 김해시, 양산시, 창원시 등의 레미콘 업체 59곳에서 총파업을 시작했다고 밝혔다. 부산경남레미콘산업발전협의회는 파업 돌입으로 100여 곳의 대규모 건설현장을 비롯해 최대 8000여 곳의 현장에서 타설 작업이 중단될 것으로 내다봤다.부산=박경모 기자 momo@donga.com",2022-05-10,동아일보,,부산-경남 레미콘 총파업… 8000여곳 ‘타설 중단’,https://www.donga.com/news/Society/article/all/20220510/113307865/1
"대통령 취임식을 하루 앞둔 9일 서울 여의도 국회 광장에서 군 장병들이 K105A1 차륜형 자주포에 올라 예포(禮砲) 발사 예행연습을 하고 있다. 사진공동취재단

10일 제20대 대통령 취임식이 열리는 서울 영등포구 여의도 국회 인근 도로가 전면 통제되는 등 이날 서울시내 곳곳에서 전면 또는 부분 교통 통제가 이뤄질 예정이다. 서울시와 서울경찰청은 “시내 혼잡이 예상되니 가급적 대중교통을 이용해 달라”고 당부했다.이날 서울시 등에 따르면 취임식 및 식전행사, 행사 준비 등을 위해 이날 오전 1시부터 오후 1시까지 12시간 동안 국회를 둘러싼 여의서로(의원회관∼국회뒷길∼서강대교 남단 1.6km 구간)와 국회대로(의원회관 앞∼서강대교 남단 0.9km 구간) 및 국회 정문 앞∼여의도역에 이르는 의사당대로 0.9km 구간이 전면 통제된다. 여의도 일대 다른 도로도 취임식 후 윤석열 대통령과 외국 사절단의 이동에 따라 수시로 부분 통제될 예정이다.도로 통제 구간을 지나는 18개 버스 노선은 우회 운행한다. 서강대교∼국회대로 노선은 LG트윈타워 방향으로, 의사당대로∼국회의사당역 노선은 여의나루로로 우회한다. 우회 경로는 버스에 부착한 안내문, 서울교통정보센터 홈페이지(topis.seoul.go.kr) 등에서 확인할 수 있다.서울시는 취임식이 열리는 국회 앞 지하철 9호선 국회의사당역의 경우 오전 11시 반∼낮 12시 반에 열차가 정차하지 않고 통과한다고 밝혔다. 같은 시간 이 역의 6개 출입구도 모두 봉쇄된다. 그 대신 취임식 참석 인원이 몰릴 것으로 예상되는 오전 9∼10시 지하철 5호선 운행 횟수가 6회 늘어난다. 서울시 관계자는 “외출 시 도로 상황 및 대중교통 운행 정보를 사전에 확인하고 이용해 달라”고 당부했다.새 정부 출범을 맞아 각종 집회 시위도 예고된 상태다. 전국장애인차별철폐연대는 오전 8시 지하철 5호선 광화문역 인근에서 기자회견을 열고 지하철에 탑승해 여의도역으로 이동한 뒤 여의도공원까지 행진하겠다는 방침을 밝혔다. 국회와 용산 대통령 집무실 인근에도 소규모 집회 및 시위가 예정돼 있다. 서울경찰청 관계자는 “윤 대통령이 취임식 후 국회에서 용산 집무실과 만찬장(신라호텔) 등으로 이동하면서 도심 주요 도로 교통이 순차적으로 부분 통제될 예정”이라고 밝혔다.이청아 기자 clearlee@donga.com김기윤 기자 pep@donga.com",2022-05-10,동아일보,,취임식 열리는 국회 일대 교통 통제,https://www.donga.com/news/Politics/article/all/20220510/113308290/1
"“살아가는 데 필요 이상의 돈이 쌓이는 것에 대한 부담이 항상 있었다. 젊은 나이에 기부하게 돼 이제부터는 홀가분한 기분으로 편안하게 잠을 잘 수 있을 것 같다.”KAIST는 익명의 50대 기부자가 최근 300억 원 상당의 부동산을 기부했다고 9일 밝혔다. KAIST 개인 기부로는 역대 일곱 번째로 큰 금액이자, 300억 원 이상 기부자 가운데 최연소다. KAIST 측은 사회활동을 왕성하게 하는 50대에 집과 생활에 필요한 최소한만 남겨두고 대부분의 재산을 기부한 흔치 않은 사례라고 전했다.KAIST는 이 같은 기부 내용을 밝히며 “익명의 50대 기부자는 자신을 위한 씀씀이에는 엄격했지만 근검절약 정신으로 재산을 일궈 소외계층과 불치병 환자들을 10년 넘게 꾸준히 도운 분”이라며 “그는 이 기부가 KAIST의 젊음이라는 강력한 무기와 결합해 국가 발전뿐 아니라 전 인류 사회에 이바지하는 성과를 창출하는 초석이 되기를 바랐다”고 전했다.평소 기부에 관심이 많은 그는 사회적 기업을 세워 오랜 기간에 걸쳐 기부할까도 고민했으나 교육 기부가 가장 효과가 크다고 보고 KAIST를 택했다고 했다. 결심한 후에는 거침이 없었다. 기부자가 지난달 21일 KAIST 발전재단에 부동산 기부 의사를 처음 밝힌 이후 13일 만인 이달 4일 부동산의 명의 이전이 완료됐다. 손선권 KAIST 발전재단 사무국장은 “기부를 하시겠다고 하면 보통은 많이 여쭤보시고 결정을 하지만 이분은 결정은 오래전에 하신 듯 곧바로 기부 의사를 전달하셨다”고 말했다.이런 결심을 하는 데는 KAIST를 나와 기업을 운영하는 지인의 영향이 컸다. 그에게 모교 후배를 채용하기 위해 애쓰는 이유를 물었더니 “KAIST 출신은 열심히 한다. 그것도 밤을 새워서 열심히 한다”고 답하는 것을 듣고 KAIST에 관심을 갖게 됐다는 것이다.기부자는 이름, 나이, 성별 등 신원을 밝히는 것은 물론이고 기부 약정식 행사나 KAIST 관계자와의 만남도 극구 사양했다. 서류 작업 때문에 KAIST를 방문하면서도 모자를 푹 눌러써 얼굴도 공개하지 않았다고 한다. 그는 오히려 “이렇게 큰돈이 내게 온 것은 그 사용처에 대한 책임을 지우기 위한 하늘의 배려라고 생각된다. 이 책임을 KAIST에 떠넘기게 되어 오히려 미안한 마음이 든다”고 말한 것으로 전해졌다.KAIST는 기부자의 뜻에 따라 형편이 어려운 학생들의 장학금과 의과학·바이오 분야 연구 지원금으로 이번 기부금을 사용할 계획이다.조승한 동아사이언스 기자 shinjsh@donga.com",2022-05-10,동아일보,,KAIST에 300억 ‘익명기부’ 50대… “필요이상의 돈이 쌓이는 것 부담”,https://www.donga.com/news/Economy/article/all/20220510/113307875/1
"윤석열 대통령의 취임사는 최초로 전통한지를 사용해 전통 형식을 참작한 서첩 형태로 만들어져 대통령기록물로 보존될 예정이다. 대통령취임준비위원회 제공

윤석열 대통령은 10일 발표할 취임사에서 새 정부의 국정 비전과 철학을 밝히며 자유, 공정, 시장, 인권, 연대 등을 핵심 가치로 내세울 것으로 보인다.9일 대통령취임사준비위원회에 따르면 윤 대통령의 취임사에는 자유민주주의와 공정한 시장경제 체제, 보편적인 인권을 국정 운영의 최우선 가치로 삼겠다는 내용이 담길 것으로 알려졌다. 윤 대통령은 이러한 가치에 기반해 나라 안으로는 국민이 주인이 되는 나라를 만들고, 나라 밖으로는 자유와 인권의 가치를 공유하는 국가들과의 연대를 강화하겠다는 비전을 강조할 것으로 전해졌다.윤 대통령은 한반도를 넘어 세계를 품는 ‘글로벌 리더 국가’를 지향하겠다는 포부도 밝힐 예정이다. ‘국제사회에서 책임 있는 국가’ ‘세계로부터 존경 받는 나라’가 국민이 기대하는 시대정신이라고 윤 대통령은 보고 있다는 것이다.윤 대통령이 당선 이후 줄곧 강조해온 국민통합의 방향을 비롯해 헌법 정신의 회복, 디지털 플랫폼 정부에 대한 비전 등 국정 목표들도 취임사에 담길 것으로 알려졌다. 취임사준비위원회 관계자는 “윤 대통령이 직접 쓴 지난해 3월 검찰총장 퇴임사, 6월 정치 참여 선언문, 11월 대선 후보 수락 연설, 올 3월 당선된 뒤 국민에게 전하는 메시지에 담긴 정신이 그대로 취임사에 반영된다”고 말했다.이각범 KAIST 명예교수가 이끄는 취임사준비위는 소속 위원 16명의 토론을 통해 취임사 초안을 잡았다. 대선 캠프 때부터 윤 대통령의 메시지를 총괄해온 김동조 대통령연설기록비서관 내정자도 주도적으로 관여했다.취임사 초안은 지난달 25일 윤 대통령에게 보고됐다. 이후 윤 대통령이 문구 하나하나를 직접 다듬어 지난주 후반 완성했다고 한다. 당초 30분 안팎의 분량으로 작성됐지만 수정 과정에서 대폭 단축된 것으로 알려졌다. 윤 대통령이 뚜렷한 메시지, 간결한 연설을 원했다는 것이다. 취임사준비위 관계자는 “윤 대통령이 검찰 내에서도 연설문의 마지막 토씨 하나까지 챙기는 걸로 유명했듯이 마지막 버전은 본인이 직접 썼다”고 말했다. 이 명예교수는 “나도 마지막 버전을 보지 못해서 취임식 당일 수험생 기분으로 들으려 한다”고 말했다.전주영 기자 aimhigh@donga.com",2022-05-10,동아일보,,"尹, 취임사 직접 다듬어… 30분 분량서 대폭 축소",https://www.donga.com/news/Politics/article/all/20220510/113308238/1
경찰이 환매 중단으로 투자자들에게 막대한 피해를 안긴 디스커버리자산운용 장하원 대표(63)의 구속영장을 신청했다. 장 대표는 장하성 주중 한국대사의 친동생이다.서울경찰청 금융범죄수사대는 특정경제범죄가중처벌법상 사기와 자본시장법 위반 혐의로 장 대표에 대해 6일 사전구속영장을 신청했다고 9일 밝혔다. 장 대표는 디스커버리펀드의 부실을 알면서도 투자자들에게 계속 펀드 상품을 판매해 피해를 끼친 혐의 등을 받는 것으로 전해졌다.경찰 관계자는 ‘영장 신청이 지체된 것 아니냐’는 물음에 “여러 의혹에 대한 조사가 필요했다”고 밝혔다. 경찰은 올 2월부터 장 대표를 세 차례 소환조사했다. 이른바 ‘윗선’의 비호 여부에 대해서는 “계속 (조사를) 진행하고 있다”고 했다.디스커버리펀드는 2017년부터 판매됐으나 부실화돼 2019년 4월 환매가 중단됐다. 디스커버리펀드가 투자자들에게 안긴 피해액은 지난해 4월 말 기준 2562억 원에 달한다.해당 펀드에 장하성 대사는 대통령정책실장 취임 직후인 2017년 7월 부인과 함께 약 60억 원을 투자했다. 같은 달 공정거래위원장이던 김상조 전 대통령정책실장도 약 4억 원을 투자했다. 채이배 전 의원도 투자자 중 한 명이다. 이들은 이 펀드 투자로 손해를 본 것으로 알려졌다. 경찰은 장 대사 등을 조사할 계획이 있느냐는 질문에 “필요하다면 검토하겠다”고 밝혔다.남건우 기자 woo@donga.com,2022-05-10,동아일보,,‘디스커버리 펀드 손실’ 장하원 대표 구속영장 신청,https://www.donga.com/news/Society/article/all/20220510/113307900/1
"○ 與 “총리 인준 본회의 열자” vs 野 “정호영 고발”

○ ‘0.73%포인트의 늪’, 설자리 잃은 與野 온건파

○ “대통령이 소통에 진정성 가져야”

윤석열 대통령 취임 하루 전인 9일 국회에서 열린 한동훈 법무부 장관 후보자의 인사청문회는 새 정부 출범 이후 펼쳐질 여야의 극한 대립을 보여주는 예고편이었다. 이날 오전 10시에 시작된 청문회에서 한 후보자는 약 2시간 동안 인사말 외에 단 한마디도 하지 못했다. 자료 제출 미흡, 특정 의원의 청문회 제척 주장 등을 두고 국민의힘과 더불어민주당 의원들이 맞붙었기 때문이다. 오후 청문회에서도 여야 의원들은 민주당의 ‘위장 탈당’ 등을 두고 거세게 충돌했다.문제는 이런 국회의 극한 대립이 2년 내내 지속될 가능성이 크다는 점이다. 윤석열 정부는 168석이라는 역대 가장 거대한 야당을 상대해야 하지만 인사청문 국면에서 “국무총리 없이 가겠다”며 단 한 걸음도 물러서지 않았다. 여당에서 야당으로 신분이 바뀐 민주당 역시 의석수 우위를 앞세워 국회 법제사법위원회 사수 등 폭주를 이어갈 태세다.이날 꽉 막힌 인사 정국을 대하는 여야의 행보는 극명하게 엇갈렸다. 5년 만에 여당 자리를 되찾은 국민의힘은 박병석 국회의장에게 한덕수 국무총리 후보자 인준을 위한 국회 본회의 소집을 요구했다. 일부 후보자의 자진 사퇴를 요구하는 민주당의 요구는 외면한 채 “새 정부가 정상적으로 일하기 위해서는 총리 선임이 이뤄져야 한다”는 주장만 앞세운 것.반면 민주당은 이른바 ‘아빠 찬스’ 의혹이 불거진 정호영 보건복지부 장관 후보자와 오등봉 개발 특혜 의혹 등이 제기된 원희룡 국토교통부 장관 후보자에 대한 고발 조치에 나섰다. “명백한 불법 혐의를 받는 후보자에게는 법적 책임을 물어야 한다”는 주장이지만, 정작 총리 인준 지연으로 새 정부가 ‘반쪽 출범’하는 상황은 여전히 외면했다.우여곡절 끝에 험난한 인사 정국이 끝난다 해도 갈등의 뇌관은 또 있다. 이미 21대 국회 후반기 원(院) 구성을 둘러싼 여야의 신경전은 시작됐다. 지난해 여야 원내대표가 후반기 법제사법위원장은 국민의힘이 맡기로 합의했지만 민주당은 합의 백지화를 선언했다. 이른바 ‘검수완박’(검찰 수사권 완전 박탈) 중재안을 국민의힘이 파기하자 민주당도 합의 파기로 맞불을 놓은 것. 게다가 법안의 본회의 의결을 위한 최종 관문인 법사위를 놓고 여도 야도 물러설 수 없다는 태도다.이런 대치의 근원에는 역대 가장 치열했던 3·9대선의 결과가 자리 잡고 있다. 당장 정권 재창출에 실패한 민주당에서는 성찰을 찾아볼 수 없다. 오히려 “0.73%짜리가 모든 권력을 전횡하고 독단하는 것”(송영길 전 대표)이라는 기류가 강하다.국민의힘 역시 윤 대통령을 찍지 않은 51.44%의 표심을 신경 쓰기보다는 “이겼으니 우리 뜻대로 하겠다”는 태세다. 의장 중재로 여야 원내대표가 서명하고, 각 당의 의총 추인까지 거친 검수완박 법안을 단숨에 뒤집어버린 사례가 대표적이다. 여기에 역대 어느 정부 때보다 의석수 차이가 큰 여소야대 지형도 새 정부와 제1야당의 ‘강 대 강’ 대치를 부채질하고 있다. 109석을 차지하고 있는 국민의힘은 과반 의석을 차지하고 있는 제1야당 민주당(168석)보다 59석이 적다. 1987년 대통령 직선제 도입 이후 새 정부 출범 당시 여당과 거대야당의 의석수 차이가 가장 컸던 노무현 정부 때 49석보다 그 격차가 크다.정치권 관계자들은 6·1지방선거를 앞두고 여야의 대치 국면이 계속 고조될 것으로 내다보고 있다. 민주당의 한 초선 의원은 “이번 지방선거에서도 각자의 지지층을 총결집시키면 이길 수 있다는 생각을 여야 모두 하고 있다”며 “중도층의 마음을 얻기 위한 온건 행보는 설 자리를 잃었다”고 했다. 실제로 민주당의 ‘검수완박’ 폭주에 우려를 표했던 민주당 내 온건파들은 더 이상 입을 열지 않는다. “정 후보자 등 여론의 질타를 받고 있는 후보자의 거취는 정리해야 한다”는 국민의힘 일각의 목소리 역시 완전히 묻혔다. 이에 대해 이준한 인천대 교수는 “내부 강경파들은 소수의 목소리 큰 사람들만 대변하는데, 그 강경파에 이끌려 가다 보면 갈등만 반복하게 된다”고 지적했다.만약 국회가 다음 총선까지 남은 2년 동안 지금과 같은 극한 대치를 이어간다면 피해는 국가와 국민의 몫이 된다. 윤석열 정부는 가장 의욕적으로 국정 과제를 추진해야 할 초반 2년을 흘려보낼 수밖에 없고, 민주당 역시 수권 정당의 모습보다는 ‘발목 잡기 정당’이라는 낙인이 찍힐 가능성도 있다. 결국 다시 대화와 협치의 물꼬를 터야 하는 이유다.야권 관계자는 “내부에서도 ‘한 발짝 물러나 손을 먼저 내미는 쪽이 결국은 승자가 될 것’이라는 목소리가 나온다”며 “대화 제의를 거부하는 쪽이 민심의 외면을 받게 되는 건 자명한 일”이라고 했다. 극한 대립의 출구를 찾기 위한 방안을 대통령실과 여야 모두가 모색해야 한다는 것.보수 진영의 원로들도 “국정 최고 책임자인 대통령이 소통에 진정성을 가지고 임해야 한다”고 조언했다. 김형오 전 국회의장은 “소통으로 인한 성과를 염두에 두지 말고 소통을 위한 노력을 할 수 있는 한 최대한 기울여야 한다”며 “여기에 각계각층의 의견을 골고루 경청하는 모습도 보여줘야 한다”고 했다.한상준 기자 alwaysj@donga.com강성휘 기자 yolo@donga.com이윤태 기자 oldsport@donga.com",2022-05-10,동아일보,,"尹정부,168석 巨野와 대치… 대화-협치로 국정운영 길 터야",https://www.donga.com/news/Politics/article/all/20220510/113308253/1
"‘대장동 의혹‘의 핵심 인물 중의 한명인 화천대유자산관리(화천대유) 대주주 김만배 씨가 작년 11월 3일 서울 서초구 서울중앙지방법원에서 열린 구속 전 피의자 심문(영장실질심사)을 마친 뒤 취재진 질문에 답변하고 있다. 뉴시스

“이재명 게이트 때문에.” “윤석열은 형이 가지고 있는 카드면 죽어.”9일 서울중앙지법 형사합의22부(부장판사 이준철) 심리로 열린 대장동 개발사업 특혜 및 로비 의혹 사건 공판에선 대장동 민간사업자 화천대유자산관리(화천대유) 대주주 김만배 씨가 이같이 말한 내용이 담긴 ‘정영학 회계사 녹취록’ 녹음파일이 재생됐다.2020년 10월 26일자 녹음파일에 따르면 김 씨는 정 회계사와 경기 성남시 분당구 오리동 한국토지주택공사(LH) 사옥 개발사업 참여를 논의하던 중 “이재명 게이트 때문에”라고 말했다. 음질이 좋지 않아 앞뒤 발언 내용은 파악하기 어렵지만 대장동 개발사업이 자칫 이재명 게이트로 번질 수 있다는 우려를 표시한 것으로 보인다.또 정 회계사가 “윤석열(당시 검찰총장) 국감 때문에 정신 없지 않았냐”라고 묻자 김 씨는 “윤석열이는 형이 가지고 있는 카드면 죽어. 지금은 아니지만”이라고 답했다. 이어 “그런데 형은 그 계통에 안 나서려고 그런다. 서초동에서 탈출하려고 한다”고 덧붙였다. 지난 대선 당시 이 같은 녹취록 내용이 알려지자 윤석열 대통령과 더불어민주당 이재명 상임고문은 TV토론에서 공방을 벌였다.이날 공판에선 같은 해 10월 30일 성남시 분당구의 노래방에서 녹음된 유동규 전 성남도시개발공사 사장 직무대리, 김 씨, 정 회계사 간 대화 녹음파일도 재생됐다. 이 파일에서 김 씨는 “내가 동규한테 700억을 준다”며 비상장 주식 매입과 증여 등 구체적 지급 방법을 유 전 직무대리와 상의했다. 유 전 직무대리는 “법적으로 따져봐야 할 문제”라며 “만약에 잘못되면 다른 곳으로 돌릴 수 있는 여지가 있는 건지 (따져봐야 한다)”라고 했다.같은 해 7월 29일자 녹음파일에는 김 씨의 정·관계 로비 정황이 담겼다. 녹음파일에 따르면 김 씨는 정 회계사에게 “대장동을 막느라 너무 지친다. 돈도 많이 들고”라며 “공무원들 접대해 줘야지, 토요일 일요일에 골프 쳐줘야지”라고 했다김태성 기자 kts5710@donga.com",2022-05-10,동아일보,,김만배 “대장동 막느라 돈 많이 들어” 로비정황 녹음파일 공개,https://www.donga.com/news/Society/article/all/20220510/113307913/1
"이창양 산업통상자원부 장관 후보자(사진)가 9일 문재인 정부의 ‘탈원전 정책’ 폐기 방침을 강조하며 한국의 원전 산업을 활성화하겠다고 밝혔다. 전기요금은 시장 원리에 따라야 한다며 추후 요금 인상을 시사했다.이 후보자는 이날 국회 인사청문회에서 문재인 정부의 에너지 정책에 대한 평가를 묻는 질문에 “장점은 신재생에너지 보급이 많이 된 것이고, 미흡한 점은 탈원전의 급속한 추진으로 원전 생태계와 전력 수급 안정성에 우려가 생긴 것”이라고 답했다. 그는 모두발언에서도 “에너지 안보와 탄소중립의 주요 수단인 원전을 합리적으로 활용할 것”이라며 “국내 원전 생태계의 경쟁력을 높여 원전 수출 산업화를 적극 지원하겠다”고 했다.그는 원전 비중이 높아지면 전기요금 부담이 낮아질 수 있다고 강조했다. 이 후보자는 “경북 울진군 신한울 3, 4호기 건설 재개와 노후 원전의 계속 운전 등을 통해 원전 비중이 늘어나면 한전의 전기요금 부담에 어느 정도 영향을 줄 것”이라고 답했다.2030년 국가온실가스감축목표(NDC)를 2018년 대비 40%로 줄이는 방안도 수정될 것으로 보인다. 이 후보자는 “NDC 40% 달성 목표를 지키려고 노력하겠지만 에너지원별 역할은 다양한 측면을 고려해 재검토하겠다”고 했다.전기요금에 대해서는 “전기요금을 눌러놓으면 결국 국민에게 부담으로 돌아올 것”이라며 “중장기적 기본 원칙은 원가와 시장 원리를 반영한 가격 결정 방향이 맞다”라고 설명했다. 연료비가 급등하는데 전기요금에 적절히 반영되지 못해 한국전력공사의 적자가 커지는 점을 고려해 향후 전기요금 인상을 시사한 발언으로 풀이된다.세종=구특교 기자 kootg@donga.com",2022-05-10,동아일보,,이창양 “원전 경쟁력 높여 수출 산업화”,https://www.donga.com/news/Economy/article/all/20220510/113308226/1
"‘우리들병원 특혜 대출 의혹’ 재판에서 위증한 혐의로 고소됐다가 불기소 처분을 받은 은행원 A 씨가 검찰의 재수사를 받게 됐다.9일 법조계에 따르면 서울고검은 지난달 29일 서울중앙지검에 신한은행 직원 A 씨의 위증 혐의 중 일부를 다시 수사하라며 재기수사 명령을 내렸다. 서울중앙지검은 2년여간 수사한 끝에 지난해 12월 증거 불충분을 이유로 A 씨를 불기소 처분했는데, 고소인인 사업가 신혜선 씨가 올 1월 항고하자 이를 받아들인 것이다. 이날 서울중앙지검은 해당 사건을 중요경제범죄조사1단(단장 위성운)에 배당했다.이 사건은 2009년 신 씨가 노무현 전 대통령의 주치의였던 우리들병원 이상호 원장의 전처와 사업을 시작하며 신한은행에서 260억 원을 대출받은 것이 발단이 됐다. 신 씨와 이 원장이 연대보증인에 함께 이름을 올렸는데, 이 원장이 2012년 KDB산업은행에서 1400억 원을 대출 받으며 연대보증에서 빠져나왔다.신 씨는 자신의 동의 없이 이 원장이 연대보증에서 빠져 신한은행 대출 채무를 모두 떠안게 됐다며 2016년 신한은행 지점장 등을 사문서 위조와 사금융 알선 혐의 등으로 고소했다.이후 대법원은 2017년 신한은행 직원들의 사금융 알선 혐의만 유죄로 인정해 벌금형을 확정했다. 재판 과정에서 신한은행 직원 A 씨가 “신 씨의 동의를 얻어 연대보증을 해지하기 위해 도장을 날인했다”고 한 증언이 인정돼 사문서 위조 혐의는 무죄로 판결난 것. 이에 신 씨는 A 씨가 법정에서 거짓 증언을 했다며 2019년 12월 A 씨를 검찰에 고소했다. 신 씨는 2012년 이 원장이 산업은행 대출을 받고 신한은행 연대보증을 해지하는 과정에 더불어민주당 인사들이 개입했다는 의혹을 제기했다.신희철 기자 hcshin@donga.com",2022-05-10,동아일보,,"서울고검, ‘우리들병원 특혜대출’ 재수사 명령",https://www.donga.com/news/Society/article/all/20220510/113307921/1
"김현숙 여성가족부 장관 후보자(사진)가 박근혜 정부 시절 고 백남기 씨 사망 사건에 개입했다는 의혹이 제기됐다. 백 씨는 2015년 민중총궐기대회에서 경찰이 쏜 물대포를 맞고 쓰러져 2016년 사망했다.더불어민주당 권인숙 의원은 9일 경찰청 인권침해 사건 진상조사위원회가 2018년 발표한 ‘백남기 사망 사건 진상조사 심사 결과’를 공개했다. 위원회에 따르면 당시 대통령고용복지수석비서관이었던 김 후보자는 백 씨가 물대포를 맞은 뒤 서울대병원으로 이송되자 청와대 선임행정관 A 씨에게 상황 파악을 지시했다. A 씨는 서울대병원장 비서실장에게 전화해 상황을 문의했다. 또 백 씨의 수술이 끝난 뒤에도 3, 4차례 전화로 백 씨 상태를 파악했다.당시 위원회는 ‘청와대 전화’ 등을 토대로 “회생 가능성이 없어 수술할 의미가 없었던 백 씨가 갑자기 수술을 받은 데는 의료 동기 외에 경찰과 청와대의 개입이 있었던 것으로 인정된다”고 밝혔다. 또 “백 씨가 즉시 사망한다면 경찰과 정권 모두에 정치적으로 큰 부담이 되기 때문에 경찰과 청와대가 여러 경로로 서울대병원과 접촉한 것”이라고 판단했다. 이에 대해 김 후보자 측은 “당시에 ‘상황을 알아보라’고 했을 뿐 백 씨 수술에는 전혀 개입하지 않았다”고 해명했다.한편 김 후보자는 이날 1996년 8월 21일부터 9월 6일까지 위장전입을 한 사실을 시인했다. 더불어민주당 조승래 의원에 따르면 김 후보자는 이 기간 서울 도봉구 쌍문동에 거주하면서 주민등록상 주소지를 동작구 흑석동으로 등록했다. 김 후보자 측은 “흑석동으로 이사하기로 하고 (자녀) 어린이집 배정을 위해 주소를 이전했지만 사정이 여의치 않아 이사를 포기했다”며 “이유 불문 국민들께 송구스러운 마음”이라고 했다.김소영 기자 ksy@donga.com",2022-05-10,동아일보,,"민주 “김현숙, 故백남기 농민 수술 개입”… 金 “허위”",https://www.donga.com/news/Society/article/all/20220510/113308231/1
"3일 오전 서울 송파구의 한 초등학교 앞 어린이보호구역(스쿨존)에 정차한 차량에서 어린이가 내리고 있다. 홍진환 기자 jean@donga.com

○ 스쿨존 주정차 금지 6개월, 현장은 “그대로”

○ “스쿨존 주정차 어린이에게 심각한 위협”

美 뉴욕주, 스쿨존서 제한속도 넘을 경우 벌금-징역형

미국 뉴욕시의 한 공립학교 앞에 하교 시간에 맞춰 스쿨버스 여러 대가 서 있다. 버스 옆으로는 제한속도 시속 20마일(약 32km)과 ‘스쿨존’을 뜻하는 표지판이 보인다. 뉴욕=유재동 특파원 jarrett@donga.com

특별취재팀 ▽ 팀장 강승현 사회부 기자 byhuman@donga.com

▽ 김재형(산업1부) 정순구(산업2부) 신지환(경제부) 김수현(국제부) 유채연(사회부) 기자

공동 기획: 행정안전부 국토교통부 경찰청 한국교통안전공단 손해보험협회 한국도로공사

도로교통공단 한국교통연구원 삼성교통안전문화연구소



교통문화를 개선하기 위해 독자 여러분의 제보와 의견을 e메일(lifedriving@donga.com)로 받습니다.



3일 오전 8시 반 서울 송파구의 한 초등학교 앞. 어린이보호구역(스쿨존)에 승용차 한 대가 정차했다. 운전석에서 내린 여성은 딸을 교문 안까지 데려다준 후 차량으로 돌아왔다. 이 여성은 “학교 앞에 차를 세우면 안 된다는 걸 알고 있다”면서도 “아이의 안전이 걱정돼 교문 바로 앞에 내려주고 있다”고 말했다.이날 동아일보 취재팀이 집계한 결과 학생들이 등교하는 오전 8시 반부터 20분간 교문 앞에 정차한 차량은 15대에 달했다. 일부 운전자는 아예 인도까지 침범해 차를 댔고, 아이들이 차를 피해 차도로 걸어가야 하는 상황도 연출됐다. 매일 걸어 아들을 학교에 데려다준다는 김주영 씨(38)는 “차를 이용하면 훨씬 편하지만 너도나도 차를 가져오기 시작하면 아이들의 안전이 위협받을 수 있다고 생각해 걸어 다닌다”며 “아침마다 학교 앞에 몰리는 차량들을 보면 걱정부터 든다”고 했다.지난해 10월 21일 도로교통법 시행령 개정안이 시행되면서 스쿨존의 모든 도로에서 차량 주정차가 금지됐다. 이를 위반해 적발되면 승용차 12만 원, 승합차 13만 원의 과태료가 부과된다. 스쿨존에서 차량을 세우면 어린이 보행자가 차량에 가려 잘 보이지 않는 등 교통사고 위험이 높아진다는 지적에 따른 조치다.새 법규가 시행된 지 6개월을 훌쩍 넘었지만 현장에선 버젓이 불법 주정차가 이어지고 있었다. 4일 서울 서대문구의 한 초등학교 앞에서도 학생들이 몰리는 아침 30분 동안 11대의 차량이 스쿨존에 버젓이 정차하고 아이들을 내려줬다. 3일 송파구에서 교통지도를 했던 장주영 서울녹색어머니연합회 수석부회장은 “구청 단속이 자주 이뤄지지 않는 데다 단속 권한이 없는 교사나 보안관 등이 주정차를 못 하게 하면 항의하는 사람들이 많다”면서 “6개월 동안 현장은 하나도 달라지지 않았다”며 한숨을 쉬었다.서울시에 따르면 개정안 시행 이후 지난달까지 모두 8만4238건의 스쿨존 불법 주정차 차량이 단속됐다. 올해도 매달 1만1196∼1만4238건씩 단속되고 있다. 1분기(1∼3월) 기준으로 단속 건수는 올해(2만876건)가 지난해(2만2020건)보다 1144건(5.2%) 줄어든 수준이라 현장에선 “시행령 개정 전과 크게 달라진 것이 없다”는 목소리가 많다. 천경숙 녹색어머니중앙회장은 “단속이나 과태료 부과가 제대로 이뤄지지 않고 있어 불법 주정차가 반복되는 것”이라고 말했다.도로교통공단에 따르면 한국의 인구 10만 명당 보행 어린이 교통사고 사망자는 0.34명으로 경제협력개발기구(OECD) 회원국 평균(0.23명)보다 50% 가까이 높다. 특히 어린이 보행 사고 가운데 초등학교 저학년(1∼3학년) 사상자 발생 비율이 62%에 달한다. 하교 시간대인 오후 4∼6시와 외부 활동이 늘어나는 5월 교통사고가 가장 많다. 경찰청 집계 결과 스쿨존 사고 역시 2018년 418건, 2019년 532건, 2020년 464건 등으로 크게 줄지 않고 있다.4일 발생한 경남 거제 초등학생 스쿨존 사고 역시 예견된 사고였다는 지적이 나온다. 사고를 당한 A 군(7)이 다닌 초등학교는 4면이 도로로 둘러싸여 있지만, 정문 앞 왕복 4차로에만 단속카메라가 설치돼 있었다. 학부모와 학원 차량들은 단속을 피해 주로 학교 후문 쪽으로 다녔고, 이 구간에서 A 군은 사고를 당했다.특히 후문 쪽 도로는 왕복 2차로로 좁고 급경사인 데다 곡선 구간도 있어서 운전자 시야의 ‘사각지대’를 개선해야 한다는 지적이 꾸준히 나왔다고 한다. 거제시와 시의회는 무인 단속카메라 추가 설치, 도로 개선 등을 뒤늦게 추진하기로 했다.전문가들은 “스쿨존 안전의 첫 단계는 불법 주정차 금지”라고 입을 모았다. 박무혁 도로교통공단 선임연구원은 “초등학생들은 차체보다 키가 작아 운전자 시야에 보이지 않는 경우가 많다”며 “이런 상황에서 사고가 발생하면 불법 주정차한 차량 운전자에게 손해배상 책임이 발생한다”고 지적했다. 이윤호 안전생활실천시민연합 본부장은 “일부 학교에서 운영되고 있는 ‘안심 승하차존’을 모든 학교에 설치하되 보행자 출입 공간과 철저히 분리되도록 정비하는 것이 필요하다”고 제안했다.어린이 교통안전 선진국으로 꼽히는 일본과 미국은 스쿨존(어린이보호구역) 내 교통법규와 이를 위반했을 때 가해지는 처벌이 매우 강력하다.일본의 스쿨존은 초등학교를 중심으로 반경 500m 내 통학로에 설정된다. 2일 오전 7시 반 일본 도쿄 시나가와구의 한 초등학교 앞. 학교 앞 일방통행 도로에 ‘차량통행 금지’가 적힌 바리케이드가 설치됐다. 학생들의 등교가 끝나는 오전 8시 반까지 이 도로에선 허가받은 차량을 제외한 모든 차량의 통행이 금지되는 것. 이 도로에 정문을 접하는 조난(城南)소학교의 한 교사는 “주민들이 다소 불편할 수 있지만 아이들의 안전이 무엇보다 중요하기 때문에 철저하게 시행 중”이라고 말했다.도쿄 내 상당수 기초자치단체는 이처럼 오전 7시 반부터 1시간 동안 스쿨존 내 차량 통행을 제한하고 있다. 이 시간에는 스쿨존에 접한 주택, 회사 등에서 차를 빼거나 주·정차를 하는 것도 금지된다. 부득이하게 차량 출입이 필요하면 관할 경찰서에 자동차등록증, 통행 이유를 소명하는 자료 등을 제출한 뒤 통행 허가증을 받아야 한다. 이조차 ‘부득이한 경우를 제외하고는 되도록 통행을 삼가 달라’는 조건이 따라붙는다.학교와 맞닿아 있지 않더라도 반경 수백 m 지역은 최고 속도를 시속 30km 이내로 제한하는 ‘존(zone) 30’으로 묶는다. 이에 더해 도로 폭을 줄이거나 도로를 일부러 굴곡지게 해 감속을 유도하는 ‘존30 플러스’도 최근 도입됐다. 일본 경시청은 “보행자 충돌 차량의 속도가 시속 30km를 넘으면 보행자 치사율이 급격히 높아지는 것을 감안한 것”이라고 했다.미국 뉴욕주는 학교 반경 0.25마일(약 400m)이 스쿨존이다. 주중 오전 7시부터 오후 6시까지 차량의 속도는 시속 20마일(약 32km)을 넘기면 안 된다. 제한속도를 시속 10마일(약 16km) 이내로 초과하면 최대 300달러(약 38만 원), 시속 30마일(약 48km) 이내로 초과하면 최대 600달러(약 76만 원), 초과 속도가 시속 30마일을 넘으면 최대 1200달러(약 152만 원)의 벌금을 납부해야 한다. 스쿨존 내 주행 속도가 제한속도보다 시속 11마일(약 18km) 이상 넘을 경우 운전자는 벌금 외에 15일 이상의 징역형도 받을 수도 있다.뉴욕시는 750개 스쿨존에 약 2000대의 단속 카메라를 설치했다. 올해 안에 200여 대를 추가하고, 카메라 작동 시간도 대폭 늘릴 계획이다. 지난해 스쿨존에서 벌어진 치명적인 교통사고의 3분의 1이 단속 카메라가 꺼진 시간 동안 발생했다는 걸 감안한 조치다. 이 때문에 뉴욕의 스쿨존에선 차량들이 대부분 ‘거북이 속도’로 지나가는 모습을 볼 수 있다.특히 뉴욕주 교통 규칙에 따르면 스쿨버스가 적색등을 깜빡이며 멈춰 있을 경우 양방향에서 진행하던 다른 차량들은 스쿨버스에서 6m 이상 떨어진 곳에 정지해야 한다. 이후 학생들이 모두 승·하차를 하고 적색 점멸등이 꺼진 다음에야 다시 진행할 수 있다.특별취재팀도쿄=이상훈 특파원 sanghun@donga.com뉴욕=유재동 특파원 jarrett@donga.com",2022-05-10,동아일보,,스쿨존 주정차 금지 6개월… 등교시간 주정차 위반 ‘20분간 15대’,https://www.donga.com/news/Society/article/all/20220510/113307812/1
"윤석열 대통령 당선인은 9일 대통령실 부속실장으로 강의구 전 검찰총장 비서관(사진)을 내정했다. 대통령과 대통령 배우자를 각각 보좌했던 제1부속실과 제2부속실을 통합하면서 대통령 내외를 지근거리에서 챙기는 핵심 보직에 윤 당선인의 검찰 측근이 추가로 임명된 것이다.강 부속실장 내정자는 윤 당선인의 대검찰청 중앙수사부 평검사 시절부터 20여 년간 인연을 쌓아온 측근으로 알려졌다. 특히 윤 당선인이 검찰총장 재임 시절 직무정지 처분을 받으며 여권과 대립할 당시 총장 비서관으로 일하며 고락을 함께했다.새 정부 대통령실 비서관급 이상에는 강 내정자를 비롯해 검찰 출신이 인사, 총무 등 주요 자리에 총 6명 기용됐다. 앞서 복두규 전 대검 사무국장과 이원모 전 검사가 각각 인사기획관과 인사비서관을 맡으며 검찰 출신이 대통령실 인사 라인을 꿰찼다. 법률비서관에 주진우 전 부장검사가, 공직기강비서관에는 이시원 전 검사가 기용됐다. 대통령실 살림을 책임지는 총무비서관에는 윤재순 전 대검 운영지원과장이 기용됐다.윤 당선인 측 관계자는 “윤 당선인의 손발 격으로 실무 업무에 보좌를 맞추던 검찰 출신들이 임명된 것은 대통령실 주요 업무에 정치권의 외풍을 차단하려는 취지”라고 했다. 반면 “윤 당선인이 대통령실을 대검 부속실로 만들려고 한다”는 지적도 만만치 않다.장관석 기자 jks@donga.com",2022-05-10,동아일보,,대통령실 부속실장도 檢출신… 비서관급에 6명 발탁,https://www.donga.com/news/Politics/article/all/20220510/113308154/1
"지난해 서울 청계천 인군에서 실시된 집중호우 대비 시민구조 합동훈련.

○ 시간당 3mm 이상 강수 유입되면 자동 문자

○ 반지하 주택·공사장 등 침수 취약지 점검





서울 시내에서 게릴라성 호우 등 위험 상황을 자동으로 감지해 재난 담당자에게 알리는 ‘자동 전파 시스템’이 다음 달 도입된다. 또 기상 예측에 빅데이터 자료와 인공지능(AI) 등 첨단 기술을 활용해 정확도를 높이고, 하천이 범람하면 인근 자치구가 공동으로 대응하는 통합 시스템을 확대하기로 했다.서울시는 이 같은 내용을 담은 ‘2022년 풍수해 안전대책’을 9일 발표했다. 시 관계자는 “위험 상황을 시와 각 자치구 담당자들에게 빠르게 전파해 선제적으로 대응할 수 있도록 한 것”이라며 “서울 기상 상황을 실시간으로 분석하고 공유하는 초동 대응 체계도 구축했다”고 설명했다.서울시가 가동하는 ‘자동 전파 시스템’은 서울 시내 곳곳에 설치된 170개 강수량계를 활용해 돌발 호우를 감지한다. 시간당 3mm 이상의 강수가 유입되면 시와 자치구 25곳의 수해 방지 담당자와 시설물 관리자에게 자동으로 문자메시지를 전송하는 방식이다.시는 또 하천 수위가 올라가면 자치구별로 따로 통제했던 방식에서, 하천을 담당하는 인근 자치구와 공동 대응하는 시스템으로 바꾸기로 했다. 시는 통합 대응을 통해 돌발상황 발생 시 지금보다 대응이 빨라져 피해가 줄어들 것으로 기대하고 있다.기상청에 따르면 지난해 서울의 장마 기간은 17일로 평년(수도권 31∼32일)보다 약 15일 짧았지만, 대신 국지성 집중호우가 여러 번 관측됐다. 자치구별 강우도 최대 379mm 차이가 났다. 최근 국지성 집중호우가 자주 나타나면서 생기는 현상인데, 자치구에 따라 강우 편차가 커 통합 대응이 필요하다는 지적이 꾸준히 제기됐다.지난해 관악구, 동작구, 구로구, 영등포구를 흐르는 도림천에서 시범적으로 통합 대응을 했는데 이번에 서울 하천 27곳으로 확대되는 것이다. 하천 고립 사고가 잦은 도림천은 강수량이 15분당 3mm 이상 감지되거나 시간당 15mm 이상 예보되면 인근 자치구와 하천 출입을 공동으로 통제했다. 시는 기상 (예비)특보 등이 발령되면 경찰과 협업해 하천 주변을 집중적으로 살피는 하천 순찰단도 운영할 계획이다.시는 이날 국지성 집중호우에 대비해 반지하 주택 같은 침수 취약 가구를 집중 관리한다는 방침도 밝혔다. 침수 위험이 있는 가구를 직접 찾아가 물막이판과 수중펌프 등 침수 방지 시설 등을 점검하고 이달까지 3만5000여 개의 시설을 새로 설치하기로 했다. 침수 피해 위험이 높은 대형 공사장 상황도 살필 계획이다.잠수교, 증산교 하부도로 등 침수 우려가 있는 도로에 대한 모니터링을 강화하고 도로수위계를 올해 19곳에 추가 설치하는 방안도 내놨다. 도로 통제를 하면 시민들이 알 수 있도록 도로 전광 표시판, 옥외 전광판, 긴급재난문자 등을 통해 교통 통제 상황과 우회도로를 적극 안내할 예정이다. 한유석 서울시 물순환안전국장은 “이상 기후로 세계 곳곳에서 풍수해 위험이 해마다 증가하고 있다”며 “풍수해 사전 준비 및 관계 기관과의 협업을 통해 올여름 시민 피해를 최소화할 것”이라고 했다.강승현 기자 byhuman@donga.com",2022-05-10,동아일보,,"게릴라성 호우 예측, AI로 더 정확하게",https://www.donga.com/news/Society/article/all/20220510/113307689/1
"○ 관료 중심 인선…내각 전문성 보강

○ 尹, ‘차관 내각’으로 국정 운영 돌파

윤석열 대통령 당선인이 취임을 하루 앞둔 9일 새 정부 15개 부처 차관급 20명에 대한 인선을 발표했다. 한덕수 국무총리 후보자와 일부 장관 후보자들에 대해 더불어민주당이 ‘부적격’ 판정을 하는 등 여야 대치가 길어질 것으로 보이자 ‘차관 대행 체제’를 우선 갖춘 것이다. 윤 당선인은 이날 대변인실을 통해 “(국정 운영에) 어떤 공백도 발생하지 않도록 하겠다는 의지를 담았다”며 “취임(10일) 즉시 발령을 진행할 예정”이라고 강조했다.인선안에 따르면 한미 정상회담 등 현안이 산적한 외교부 1차관에 조현동 유엔산업개발기구 한국투자진흥사무소 대표, 2차관에는 이도훈 전 외교부 한반도평화교섭본부장이 내정됐다. 이 본부장은 문재인 정부 시절 ‘한반도 평화 프로세스’에 따른 비핵화 협상을 주도한 인물로, 이번 대선 경선 때부터 윤 당선인을 도왔다. 조 대표는 이명박 정부 청와대에서 외교안보수석비서관실 선임행정관으로 근무했다.국방부 차관에는 비군인 출신인 신범철 경제사회연구원장 겸 외교안보센터장이, 통일부 차관에는 김기웅 전 대통령비서실 통일비서관이 내정됐다.기획재정부 1차관에는 방기선 아시아개발은행(ADB) 상임이사, 2차관에는 최상대 기재부 예산실장이 내정됐다. 윤 당선인 측 관계자는 “두 사람 모두 정통 경제 관료 출신으로 전문성을 감안한 인선”이라고 했다. 김인철 부총리 겸 교육부 장관 후보자의 낙마로 ‘장관 직무대행’ 체제로 운영될 교육부에는 장상윤 국무조정실 사회조정실장이 차관에 내정됐다. 행정안전부 차관에는 한창섭 행안부 정부혁신조직실장, 재난안전관리본부장에는 김성호 행안부 재난관리실장이 지명됐다.산업통상자원부 1차관엔 장영진 한국전자기술연구원장, 통상교섭본부장에는 안덕근 서울대 국제대학원 교수가 내정됐다. 보건복지부는 조규홍 전 기재부 재정관리관과 이기일 복지부 보건의료정책실장이 각각 1, 2차관으로 기용됐다.국토교통부 1차관에는 이원재 인천경제자유구역청장, 해양수산부 차관에는 송상근 해수부 해양정책실장, 중소벤처기업부 차관에는 조주현 중기부 소상공인정책실장이 낙점을 받았다. 환경부 차관에는 유제철 전 환경부 생활환경정책실장, 고용노동부 차관에는 권기섭 전 고용부 노동정책실장, 문화체육관광부 1차관에는 전병극 전 문체부 문화예술정책실장, 농림축산식품부 차관에는 김인중 농림부 차관보가 발탁됐다.이날 발표된 차관급 20명의 평균 연령은 56.2세다. 여성은 한 명도 없다. 출신 대학은 서울대가 8명으로 가장 많았다. 윤 당선인 측 관계자는 “문체부, 과학기술정보통신부, 법무부, 여성가족부 등에 차관 인선이 추가로 이뤄질 것”이라고 했다.이날 차관 인선은 한 총리 후보자에 대한 국회 인준이 불투명한 데다 장관 후보자에 대한 국회 인사청문경과보고서 채택이 지연될 것에 대비해 ‘추경호 부총리 대행-차관 내각’을 중심으로 한 비상 체제를 갖추기 위한 것이다. 윤 당선인은 국회에서 인사청문보고서가 채택된 추 부총리 겸 기획재정부 장관 후보자 등 7명을 포함해 최대 13명의 장관 후보자를 조만간 임명할 것으로 알려졌다. 이를 고려한 듯 문재인 대통령은 이날 유은혜 부총리 겸 교육부 장관과 박범계 법무부 장관, 이인영 통일부 장관의 사표를 수리했다.여야 간 극심한 대치 속에 새 정부 첫 내각의 온전한 구성이 장기간 지연될 수 있다는 관측도 나온다. 이명박 정부는 취임 4일 뒤인 2008년 2월 29일 장관과 총리 후보자 등 12명을 임명한 뒤 2008년 3월 13일 내각 구성을 마쳤다. 노무현 정부는 취임 이틀 뒤인 2003년 2월 27일 고건 총리를 임명하고, 장관 후보자 19명을 임명했다.장관석 기자 jks@donga.com",2022-05-10,동아일보,,"尹, 오늘 취임 즉시 차관20명 임명… 장관 공백 대비 ‘비상내각’",https://www.donga.com/news/Politics/article/all/20220510/113308144/1
"서울시는 9일부터 ‘서울복지포털’을 통해 ‘비대면 복지도움 요청 서비스’를 시작한다고 밝혔다. 생계가 어려운 가구를 발견한 이웃 등이 온라인으로 도움을 요청할 수 있는 제도다.그동안 동주민센터를 방문하거나 전화로 ‘찾아가는 동주민센터’ 서비스를 신청해야만 했는데, 앞으론 동주민센터 운영시간이 아니어도 언제든 신청할 수 있다.서울복지포털 홈페이지(wis.seoul.go.kr)에서 ‘위기가구 복지도움 요청하기’를 누르거나 홍보물의 QR코드를 찍고 본인 인증을 거치면 된다. 신청자의 기본 정보와 함께 대상자에게 △생계 △식사 △주거 △의료 등 어떤 도움이 필요한지 체크하도록 했다. 접수가 끝나면 동주민센터에서 확인 후 상담을 거쳐 대상자에게 맞는 맞춤형 서비스를 지원한다.시는 비대면 복지도움 요청 서비스가 실시되면 주변의 위기가구를 발견한 주민들의 신고가 더욱 활발해질 것으로 보고 있다. 신청 간소화로 건강보험공단 등 유관 기관 실무자들의 업무 부담도 감소할 것으로 보인다.구종원 서울시 복지기획관은 “시민들이 보다 편리하게 서비스를 신청하고 적절한 때 제공받을 수 있게 됐다”며 “복지 사각지대 이웃을 발견한 시민들의 활발한 참여를 기다린다”고 말했다.사지원 기자 4g1@donga.com",2022-05-10,동아일보,,위기가구 발견땐 ‘서울복지포털’에 도움 신청하세요,https://www.donga.com/news/Society/article/all/20220510/113307710/1
"文, 청와대 마지막 퇴근 문재인 대통령과 김정숙 여사가 임기 마지막 날인 9일 오후 6시 청와대 직원들의 배웅을 받으며 청와대를 나선 뒤 환송하는 시민들을 향해 손을 흔들고 있다. 양회성 기자 yohan@donga.com

○ “다시 출마할까요?” 농담도

○ “축적된 성과 계승하고 발전시켜야”

“마지막 퇴근을 하고 나니 무거운 짐을 내려놓는 것 같아 정말 홀가분하다.”문재인 전 대통령은 9일 5년 임기의 마지막 날 청와대를 나서면서 사랑채 앞 분수광장에서 배웅 나온 시민들을 향해 이같이 말했다. 수천 명의 지지자는 오후 6시 문 전 대통령의 ‘마지막 퇴근길’을 보기 위해 한 시간 전부터 청와대 앞에 모여 인산인해를 이뤘다. 문 전 대통령은 “성공한 전임 대통령이 되도록 도와 달라”고 목소리를 높였다. 부인 김정숙 여사와 함께 지지자들을 향해 손도 흔들었다. 파란색 모자와 티셔츠를 착용한 지지자들은 하늘색 풍선을 흔들며 “문재인” “사랑해요”를 외쳤다.지지자들은 이날 ‘넌 나의 영원한 슈퍼스타’라고 적힌 플래카드를 들고 문 전 대통령을 맞았다. 먼저 악수를 건넨 문 전 대통령을 보며 일부 지지자는 눈물도 보였다. 분수광장에 마련된 단상에 오른 문 전 대통령이 상기된 표정으로 “다시 출마할까요?”라는 농담을 던지자 지지자들은 “예”라고 화답했다. 문 전 대통령은 “정말 홀가분하다. 많은 분들이 저의 퇴근을 축하해 주니 정말 행복하다”고 말했다. 이어 “앞으로 제 아내와 전임 대통령으로서 ‘정말 보기 좋구나’ 소리를 들을 수 있도록 잘 살아보겠다”고도 했다. 이날 퇴근길에는 유은혜 전해철 황희 박범계 한정애 이인영 등 문 전 대통령과 함께한 더불어민주당 출신 장관들이 배웅을 나섰다.퇴근길 환송 행사에 참여하기 위해 회사에 연차를 내고 왔다는 이모 씨(32)는 “외롭지 않게 보내드려야 할 것 같아 왔다”며 “마음속에는 언제나 대통령이시고 항상 건강하셨으면 하는 바람뿐”이라고 기원했다. 파란 모자와 티셔츠, 바지를 착용한 김무영 씨(42)는 “마지막 퇴근길을 축제처럼 만들어 드리고 싶어 가족들과 참석했다”고 했다. 대전에서 올라왔다는 한모 씨(54)는 “내일이 아직 오진 않았지만 벌써 문 대통령이 그리운 느낌”이라고 말했다.문 전 대통령은 이날 임기 마지막 날까지 숨 가쁜 일정을 소화했다. 첫 일정으론 오전 8시 서울 동작구 국립서울현충원을 찾아 참배했다. 마지막 방명록에는 ‘더 당당한 대한민국으로 나아가겠습니다’라고 썼다. 문 전 대통령은 이어 효창공원 참배 일정도 소화했다.오전 10시부터는 청와대 본관에서 퇴임 연설을 했다. 문 전 대통령은 윤석열 정부를 향해 “이전 정부들의 축적된 성과를 계승하고 발전시켜 더 국력이 커지고 더 나은 미래로 나아가길 기원한다”고 밝혔다. 윤석열 정부는 연일 문 전 대통령과의 차별화를 내세우고 있지만 문 전 대통령은 오히려 현 정부 성과를 내세우며 계승해야 한다고 당부한 것. 이어 “선거 과정에서 더욱 깊어진 갈등의 골을 메우며 국민 통합의 길로 나아갈 때 대한민국은 진정한 성공의 길로 더욱 힘차게 전진할 것”이라고 했다.문 전 대통령은 또 “우리 국민은 참으로 위대하다. 저는 위대한 국민과 함께한 것이 더없이 자랑스럽다”고 말했다. 신종 코로나바이러스 감염증(코로나19)에 대해선 “국민도, 정부도, 대통령도 정말 고생 많았다”고 회상했다. 그러면서 “나라다운 나라를 요구한 촛불광장의 열망에 우리 정부가 얼마나 부응했는지 숙연한 마음이 된다”고 덧붙였다. 문 전 대통령은 “우리의 의지만으로 넘기 힘든 장벽이 있었다”면서도 “남북 간 대화 재개와 함께 비핵화와 평화의 제도화를 위한 노력이 지속되길 간절히 바란다”고 당부했다. 또 “대통령으로서 무거운 짐을 내려놓는다. 이제 평범한 시민의 삶으로 돌아가 국민 모두의 행복을 기원하겠다”고도 했다.문재인 정부 초대 청와대 국정상황실장을 했던 민주당 윤건영 의원은 이날 MBC 라디오에서 “간절히 부탁드리고 싶은 건 윤석열 정부가, 그리고 국민의힘이 제발 전직 대통령을 자신들의 정치적 이유로 소환하지 않았으면 좋겠다는 것”이라고 말했다. 또 “(적폐 수사와 같은) 그런 상황은 다시는 반복돼선 안 된다고 생각한다. 노무현 전 대통령을 그렇게 보냈던 기억들을 전 국민이 가지고 있지 않나”라고도 했다.문 전 대통령은 이날 서울 모처에서 하룻밤을 보내고 10일 국회에서 열리는 제20대 대통령 취임식에 참석한다. 취임식이 끝난 뒤 낮 12시 서울역에서 KTX를 타고 사저가 있는 경남 양산 평산마을로 향한다.박효목 기자 tree624@donga.com최미송 기자 cms@donga.com",2022-05-10,동아일보,,文 “前정부 성과 계승하길”… 지지자들에 “다시 출마할까요” 농담도,https://www.donga.com/news/Politics/article/all/20220510/113308099/1
"올 2월 경기지역의 한 헬스클럽에서 50대 남성이 운동 도중 쓰러졌다는 119신고가 접수됐다. 현장에 도착한 뒤 심정지로 판단한 구급대원들은 119종합상황실에 근무하고 있는 의료지도 의사로부터 지도를 받아 환자의 기도를 확보하고 약물투여 등을 진행했다. 병원으로 이송되는 중에도 의료지도를 계속 받으며 가슴을 압박하고 약물을 투여했는데, 환자는 다행히 의식을 회복했다.경기도소방재난본부는 구급서비스 전문성을 높이기 위해 의료업계와 함께 ‘구급 의료지도 업무강화 추진단’을 운영한다고 9일 밝혔다. 의료법상 구급대원은 의사의 지도에 따라 의료행위를 할 수 있다.현재 도소방재난본부 119종합상황실에서 근무 중인 구급 의료지도 의사는 모두 51명. 이들은 구급 현장과 병원 이송 단계에서 구급대원에게 약물투여 등 의료지도를 해 응급환자 이송에 도움을 주고 있다.추진단은 안기승 경기도소방재난본부 구조구급과장이 위원장을 맡고 김인병 경기응급의료지원센터장이 부위원장을 맡는다. 추진단은 직접 119종합상황실에서 의료지도 근무를 하면서 지도 의사를 교육하고 운영상 문제점 등을 점검한 뒤 개선해 나갈 예정이다. 또 의료기관에서의 환자 미수용 사례를 모니터링해 수용 협조 등을 요청하고 중증응급환자 의료기관 선정을 위한 표준 매뉴얼 개발도 지원한다.이경진 기자 lkj@donga.com",2022-05-10,동아일보,,경기 구급대 ‘의사 지도’ 강화… 응급환자 소생률 높인다,https://www.donga.com/news/Society/article/all/20220510/113307731/1
"청와대 앞을 지나는 ‘01번’ 순환버스가 9일 종로구 정부서울청사 앞을 지나가고 있다. 김재명 기자 base@donga.com

○ “언제 청와대 갈 수 있나” 문의 이어져

○ 인근 주민·상인은 아쉬움 반, 기대 반

“청와대 앞을 처음 지나는 노선을 운전하게 돼 정말 영광입니다.”9일 버스 차고지에서 동아일보 기자와 만난 ‘01번’ 버스기사 김태구 씨(59)는 “어린 시절 청와대는 근처에 가기조차 어려웠고, 더구나 입장은 꿈도 못 꿀 만큼 먼 곳으로 느껴졌다”며 “자부심을 갖고 버스를 운행하겠다”고 말했다.서울시는 청와대 개방을 맞아 청와대 앞을 지나는 도심 순환형 ‘01번’ 버스 노선을 2일 신설했다. 청와대를 출발해 남산골 한옥마을, 남산타워, 서울시청, 경복궁역 등을 거쳐 청와대로 돌아오는 노선이다. 청와대와 도심 관광지를 잇는 핵심 노선이자 청와대를 지나는 유일한 버스다. 다만 개방 기념행사로 ‘청와대로 차 없는 거리’가 운영되는 22일까지는 청와대를 거치지 않고 광화문에서 바로 안국역 방향으로 운행된다.9일 기자가 탄 01번 버스 좌석은 남산타워로 올라가는 승객들 때문에 만석이었다. 기사 김 씨는 “외국인 등 관광 목적으로 타는 사람들이 적지 않다”면서 “지금은 걸어서 가야 하는 청와대가 23일부터 노선에 추가되면 더 많은 손님들이 탈 것”이라고 기대했다.벌써부터 “언제부터 청와대까지 들어가느냐”고 문의하는 승객이 적지 않다고 한다. 충무로역에서 버스를 탄 시민 안병숙 씨(63)는 “오늘은 남산에 가려고 탔지만 다음에는 이 버스를 타고 청와대에 가면 좋을 것 같다”고 기대했다.다만 01번 노선 신설로 통폐합된 기존 02, 04번을 이용하던 승객들에게서는 불편해졌다는 반응이 나왔다. 시민 최모 씨(50)는 “남산 돈가스거리 쪽으로 가던 02번이 없어져 불편하다”고 토로했다.한편 대통령 집무실 이전 및 청와대 개방을 앞둔 인근 주민들은 아쉬움과 기대를 동시에 드러냈다.9일 서울 종로구 삼청동 청국장집 ‘향나무 세그루’ 사장 임모 씨(63)는 동아일보 기자와 만나 “대통령이 종종 찾았던 집으로 입소문도 나고, 청와대 직원도 자주 방문했는데 앞으론 그럴 일이 없을 거라 생각하니 섭섭하다”고 말했다. 이곳은 문재인 전 대통령이 대통령민정수석비서관을 지내던 시절부터 단골이었고, 대통령 취임 후에도 가끔 찾았다는 식당이다.삼청동에서 50년 넘게 살았다는 이새순 씨(76)는 “동네가 청와대 바로 옆이라 치안도 좋고 깨끗했다”면서 “대통령이 근처에서 사니 (자부심에) 이사도 안 가고 오래 살았는데, 갑자기 떠난다니 아쉬움이 크다”며 눈시울을 붉혔다.반면 집무실 이전으로 인근 집회·시위가 줄어들 것이란 기대도 나왔다. 주민 최모 씨(68)는 “주말이면 늘 시끄럽고 길이 막혔다”면서 “시위하는 사람들도 대통령을 따라 옮겨 갈 테니, 조용한 주말을 보낼 수 있을 것”이라고 말했다.일부 상인은 청와대 개방으로 관광객이 늘어나면서 매출이 늘지 않겠냐고 예상했다. 삼청동 ‘북촌진곰탕’ 사장 장민자 씨(81)는 “대통령 집무실이 옮겨 가는 건 서운하지만 청와대를 개방하면 구경 오는 사람이 늘어 장사도 더 잘되지 않겠느냐”고 기대했다.김윤이 기자 yunik@donga.com최미송 기자 cms@donga.com조응형 기자 yesbro@donga.com",2022-05-10,동아일보,,“‘01번’ 버스 타고 靑 구경뒤 남산까지”… 차없는 거리 끝나는 23일부터 靑운행,https://www.donga.com/news/Society/article/all/20220510/113308084/1
9일 오후 서울 종로구 광화문사거리 버스 승강장에 막차 시간 연장을 알리는 안내문이 붙어 있다. 시는 이날부터 심야 ‘택시 대란’ 해소를 위해 11개 거점 지역을 지나는 88개 시내버스 노선의 막차 시간을 다음 날 오전 1시까지로 연장했다.김재명 기자 base@donga.com,2022-05-10,동아일보,,"88개 시내버스 노선, 막차 시간 오전 1시로",https://www.donga.com/news/Society/article/all/20220510/113307737/1
안철수 전 대통령직인수위원장이 9일 오전 경기 성남시 분당구 소방서를 방문해 방화헬멧을 착용하고 있다. 성남 분당갑 국회의원 보궐선거 출마를 선언한 안 전 위원장은 이날 전입신고를 마치고 본격적인 선거운동에 들어갔다.성남=뉴시스,2022-05-10,동아일보,,소방서 찾은 安,https://www.donga.com/news/Politics/article/all/20220510/113308049/1
"서울시가 맞춤형 재무 설계 교육 프로그램인 ‘서울 영테크 원데이 스쿨’을 시작한다고 9일 밝혔다. 처음 사회생활을 시작하는 청년들을 대상으로 자산현황 분석과 재무 목표 수립 등을 돕는 교육으로, 이달 13일부터 7월까지 매달 2회 시민청에서 진행한다.교육은 △현금 흐름 표 써보기 △재무상태 표 그려보기 △재무 목표 대안 작성하기 등의 내용으로 진행된다. 실제 재무 설계사가 직접 강의와 실습을 지원하며 교육인원은 20명 정도로 할 예정이다. 교육 신청 등 프로그램 참여와 관련한 자세한 내용은 ‘청년 몽땅 정보통’(youth.seoul.go.kr)을 통해 확인할 수 있다.서울시 관계자는 “참여자들이 본인의 현금 흐름과 재무 상태에 맞는 목표를 설정할 수 있도록 지원할 계획”이라고 말했다.서울시는 ‘영테크 원데이 스쿨’을 운영하기에 앞서 지난해 11월부터 청년 대상 재테크 컨설팅과 교육을 지원하는 ‘영테크 프로그램’을 진행했다.이 프로그램에는 5485명이 참여했는데 △종합재무관리 △소득지출관리 △목돈 만들기 △금융투자상품 △거주주택마련 △신용관리 등을 상담했다.김철희 서울시 미래청년기획단장은 “서울 영테크를 운영해 본 결과 사회 초년생의 재무 관리 수요를 확인할 수 있었다”면서 “금융기관, 서울시복지재단 등과의 협업을 통해 청년의 재무 상황 개선에 보탬이 될 수 있도록 하겠다”고 밝혔다.강승현 기자 byhuman@donga.com",2022-05-10,동아일보,,"서울시, 재무목표 작성 등 ‘청년 자산관리’ 교육",https://www.donga.com/news/Society/article/all/20220510/113307716/1
"전북 군산해양경찰서는 불법 조업 외국 어선 단속과 실종자 수색 활동 등을 위해 무인 헬리콥터를 운용 중이다. 군산해경 대형 함정에 도입된 무인 헬리콥터는 최대 20km, 60분까지 비행이 가능하다.낮에는 물론이고 밤에도 실시간으로 현장 상황을 영상으로 확인할 수 있는 고성능 장비를 장착했다. 군산해경은 무인 헬리콥터 운용으로 평소 경비함정을 통한 평면적 해상 순찰을 넘어 해양 공간 전체로 순찰 영역을 확대해 입체적 관리가 가능하게 됐다. 특히 먼 거리에서 이뤄지는 외국 어선의 조업 상황을 무인 헬리콥터가 파악한 뒤 불법 조업이 발견되면 선명(배 이름)과 조업 현황 등을 정밀하게 촬영해 감시와 대응 체계가 한층 고도화될 것으로 기대된다.군산해경은 무인 헬리콥터 도입에 따라 운용 및 관리 부서를 지정하고 조종자의 자격을 강화한다. 현재 군산해경의 무인기 조종 자격 보유자는 12명이며, 무인기의 활용도가 점차 높아짐에 따라 조종 자격 보유자를 늘려 나갈 방침이다.군산해경은 앞서 재작년 3월부터 해양오염 예방 순찰과 해양쓰레기 분포 현황 조사 등을 위해 무인 비행기를 운용해 왔다. 이번 무인 헬리콥터 추가 도입으로 군산해경은 2대의 무인기를 운용하게 됐다.박영민 기자 minpress@donga.com",2022-05-10,동아일보,,"군산해경, 무인헬기 도입… 밤낮없이 순찰",https://www.donga.com/news/Society/article/all/20220509/113306753/1
